Date;Close;;;;;;;;;;
25.01.1993;43,94;;;;;;-0,56;0,2;;;
01.02.1993;44,97;2%;TRUE;;250;;-0,53;0,2;;;10896
08.02.1993;44,59;-1%;FALSE;-1%;200;;-0,51;0,2;;;3660
15.02.1993;43,56;-2%;FALSE;-3%;100;;-0,5;0,2;;;14556
22.02.1993;44,41;2%;FALSE;-1%;200;;-0,49;0,2;;;12200
01.03.1993;44,75;1%;FALSE;0%;250;;-0,48;0,2;;;1,193114754
08.03.1993;45,09;1%;TRUE;;250;;-0,47;0,2;;;
15.03.1993;45,03;0%;FALSE;0%;250;;-0,46;0,2;;;
22.03.1993;44,91;0%;FALSE;0%;250;;-0,45;0,2;;;
29.03.1993;44,09;-2%;FALSE;-2%;150;;-0,44;0,2;;;
05.04.1993;44,28;0%;FALSE;-2%;150;;-0,43;0,2;;;
12.04.1993;44,94;1%;FALSE;0%;250;;-0,42;0,2;;;
19.04.1993;43,75;-3%;FALSE;-3%;100;;-0,41;0,2;;;
26.04.1993;44,03;1%;FALSE;-2%;150;;-0,4;0,2;;;
03.05.1993;44,34;1%;FALSE;-2%;150;;-0,39;0,2;;;
10.05.1993;44;-1%;FALSE;-2%;150;;-0,38;0,2;;;
17.05.1993;44,75;2%;FALSE;-1%;200;;-0,37;0,2;;;
24.05.1993;45,22;1%;TRUE;;250;;-0,36;0,2;;;
31.05.1993;45,28;0%;TRUE;;250;;-0,35;0,2;;;
07.06.1993;45,09;0%;FALSE;0%;250;;-0,34;0,2;;;
14.06.1993;44,5;-1%;FALSE;-2%;150;;-0,33;0,2;;;
21.06.1993;44,78;1%;FALSE;-1%;200;;-0,32;0,2;;;
28.06.1993;44,69;0%;FALSE;-1%;200;;-0,31;0,2;;;
05.07.1993;44,97;1%;FALSE;-1%;200;;-0,3;0,2;;;
12.07.1993;44,75;0%;FALSE;-1%;200;;-0,29;0,2;;;
19.07.1993;44,72;0%;FALSE;-1%;200;;-0,28;0,2;;;
26.07.1993;44,84;0%;FALSE;-1%;200;;-0,27;0,2;;;
02.08.1993;44,97;0%;FALSE;-1%;200;;-0,26;0,2;;;
09.08.1993;45,13;0%;FALSE;0%;250;;-0,25;0,2;;;
16.08.1993;45,81;2%;TRUE;;250;;-0,24;0,2;;;
23.08.1993;46,25;1%;TRUE;;250;;-0,23;0,2;;;
30.08.1993;46,38;0%;TRUE;;250;;-0,22;0,2;;;
06.09.1993;46,41;0%;TRUE;;250;;-0,21;0,2;;;
13.09.1993;45,81;-1%;FALSE;-1%;200;;-0,2;0,2;;;
20.09.1993;45,78;0%;FALSE;-1%;200;;-0,19;0,2;;;
27.09.1993;46,16;1%;FALSE;-1%;200;;-0,18;0,2;;;
04.10.1993;46,06;0%;FALSE;-1%;200;;-0,17;0,2;;;
11.10.1993;47,06;2%;TRUE;;250;;-0,16;0,2;;;
18.10.1993;46,38;-1%;FALSE;-1%;200;;-0,15;0,2;;;
25.10.1993;46,84;1%;FALSE;0%;250;;-0,14;0,2;;;
01.11.1993;46,06;-2%;FALSE;-2%;150;;-0,13;0,2;;;
08.11.1993;46,59;1%;FALSE;-1%;200;;-0,12;0,2;;;
15.11.1993;46,31;-1%;FALSE;-2%;150;;-0,11;0,2;;;
22.11.1993;46,5;0%;FALSE;-1%;200;;-0,1;0,2;;;
29.11.1993;46,72;0%;FALSE;-1%;200;;-0,09;0,2;;;
06.12.1993;46,59;0%;FALSE;-1%;200;;-0,08;0,2;;;
13.12.1993;46,56;0%;FALSE;-1%;200;;-0,07;0,2;;;
20.12.1993;46,75;0%;FALSE;-1%;200;;-0,06;0,2;;;
27.12.1993;46,59;0%;FALSE;-1%;200;;-0,05;0,2;;;
03.01.1994;47,03;1%;FALSE;0%;250;;-0,04;0,5;;;
10.01.1994;47,41;1%;TRUE;;250;;-0,03;1;;;
17.01.1994;47,38;0%;FALSE;0%;250;;-0,02;1,5;;;
24.01.1994;47,88;1%;TRUE;;250;;-0,01;2;;;
31.01.1994;46,97;-2%;FALSE;-2%;150;;0;2,5;;;
07.02.1994;47,16;0%;FALSE;-2%;150;;;;;;
14.02.1994;46,88;-1%;FALSE;-2%;150;;;;;;
21.02.1994;46,81;0%;FALSE;-2%;150;;;;;;
28.02.1994;46,69;0%;FALSE;-2%;150;;;;;;
07.03.1994;46,84;0%;FALSE;-2%;150;;;;;;
14.03.1994;46,97;0%;FALSE;-2%;150;;;;;;
21.03.1994;45,94;-2%;FALSE;-4%;50;;;;;;
28.03.1994;44,59;-3%;FALSE;-7%;20;;;;;;
04.04.1994;44,69;0%;FALSE;-7%;20;;;;;;
11.04.1994;44,59;0%;FALSE;-7%;20;;;;;;
18.04.1994;44,86;1%;FALSE;-6%;20;;;;;;
25.04.1994;45,09;1%;FALSE;-6%;20;;;;;;
02.05.1994;44,75;-1%;FALSE;-7%;20;;;;;;
09.05.1994;44,52;-1%;FALSE;-7%;20;;;;;;
16.05.1994;45,56;2%;FALSE;-5%;20;;;;;;
23.05.1994;45,88;1%;FALSE;-4%;50;;;;;;
30.05.1994;46,23;1%;FALSE;-3%;100;;;;;;
06.06.1994;46,11;0%;FALSE;-4%;50;;;;;;
13.06.1994;45,88;-1%;FALSE;-4%;50;;;;;;
20.06.1994;44,06;-4%;FALSE;-8%;20;;;;;;
27.06.1994;44,56;1%;FALSE;-7%;20;;;;;;
04.07.1994;44,91;1%;FALSE;-6%;20;;;;;;
11.07.1994;45,39;1%;FALSE;-5%;20;;;;;;
18.07.1994;45,34;0%;FALSE;-5%;20;;;;;;
25.07.1994;45,91;1%;FALSE;-4%;50;;;;;;
01.08.1994;45,78;0%;FALSE;-4%;50;;;;;;
08.08.1994;46,33;1%;FALSE;-3%;100;;;;;;
15.08.1994;46,42;0%;FALSE;-3%;100;;;;;;
22.08.1994;47,69;3%;FALSE;0%;250;;;;;;
29.08.1994;47,3;-1%;FALSE;-1%;200;;;;;;
05.09.1994;47;-1%;FALSE;-2%;150;;;;;;
12.09.1994;47,02;0%;FALSE;-2%;150;;;;;;
19.09.1994;45,91;-2%;FALSE;-4%;50;;;;;;
26.09.1994;46,17;1%;FALSE;-4%;50;;;;;;
03.10.1994;45,45;-2%;FALSE;-5%;20;;;;;;
10.10.1994;47,05;4%;FALSE;-2%;150;;;;;;
17.10.1994;46,56;-1%;FALSE;-3%;100;;;;;;
24.10.1994;47,66;2%;FALSE;0%;250;;;;;;
31.10.1994;46,33;-3%;FALSE;-3%;100;;;;;;
07.11.1994;46,41;0%;FALSE;-3%;100;;;;;;
14.11.1994;46,47;0%;FALSE;-3%;100;;;;;;
21.11.1994;45,47;-2%;FALSE;-5%;20;;;;;;
28.11.1994;45,56;0%;FALSE;-5%;20;;;;;;
05.12.1994;45,05;-1%;FALSE;-6%;20;;;;;;
12.12.1994;45,75;2%;FALSE;-4%;50;;;;;;
19.12.1994;46,06;1%;FALSE;-4%;50;;;;;;
26.12.1994;45,56;-1%;FALSE;-5%;20;;;;;;
02.01.1995;46,05;1%;FALSE;-4%;50;;;;;;
09.01.1995;46,73;1%;FALSE;-2%;150;;;;;;
16.01.1995;46,55;0%;FALSE;-3%;100;;;;;;
23.01.1995;47,11;1%;FALSE;-2%;150;;;;;;
30.01.1995;48,03;2%;TRUE;;250;;;;;;
06.02.1995;48,36;1%;TRUE;;250;;;;;;
13.02.1995;48,45;0%;TRUE;;250;;;;;;
20.02.1995;49;1%;TRUE;;250;;;;;;
27.02.1995;48,78;0%;FALSE;0%;250;;;;;;
06.03.1995;49,27;1%;TRUE;;250;;;;;;
13.03.1995;49,56;1%;TRUE;;250;;;;;;
20.03.1995;50,22;1%;TRUE;;250;;;;;;
27.03.1995;50,11;0%;FALSE;0%;250;;;;;;
03.04.1995;50,7;1%;TRUE;;250;;;;;;
10.04.1995;51,08;1%;TRUE;;250;;;;;;
17.04.1995;50,89;0%;FALSE;0%;250;;;;;;
24.04.1995;51,59;1%;TRUE;;250;;;;;;
01.05.1995;52,19;1%;TRUE;;250;;;;;;
08.05.1995;52,75;1%;TRUE;;250;;;;;;
15.05.1995;52,09;-1%;FALSE;-1%;200;;;;;;
22.05.1995;52,56;1%;FALSE;0%;250;;;;;;
29.05.1995;53,55;2%;TRUE;;250;;;;;;
05.06.1995;53,06;-1%;FALSE;-1%;200;;;;;;
12.06.1995;53,97;2%;TRUE;;250;;;;;;
19.06.1995;55,02;2%;TRUE;;250;;;;;;
26.06.1995;54,41;-1%;FALSE;-1%;200;;;;;;
03.07.1995;55,77;2%;TRUE;;250;;;;;;
10.07.1995;56,05;1%;TRUE;;250;;;;;;
17.07.1995;55,41;-1%;FALSE;-1%;200;;;;;;
24.07.1995;56,3;2%;TRUE;;250;;;;;;
31.07.1995;55,98;-1%;FALSE;-1%;200;;;;;;
07.08.1995;55,66;-1%;FALSE;-1%;200;;;;;;
14.08.1995;56,17;1%;FALSE;0%;250;;;;;;
21.08.1995;56,3;0%;TRUE;;250;;;;;;
28.08.1995;56,66;1%;TRUE;;250;;;;;;
04.09.1995;57,55;2%;TRUE;;250;;;;;;
11.09.1995;58,44;2%;TRUE;;250;;;;;;
18.09.1995;58,31;0%;FALSE;0%;250;;;;;;
25.09.1995;58,48;0%;TRUE;;250;;;;;;
02.10.1995;58,41;0%;FALSE;0%;250;;;;;;
09.10.1995;58,63;0%;TRUE;;250;;;;;;
16.10.1995;58,83;0%;TRUE;;250;;;;;;
23.10.1995;58,19;-1%;FALSE;-1%;200;;;;;;
30.10.1995;59,23;2%;TRUE;;250;;;;;;
06.11.1995;59,53;1%;TRUE;;250;;;;;;
13.11.1995;60,19;1%;TRUE;;250;;;;;;
20.11.1995;60,33;0%;TRUE;;250;;;;;;
27.11.1995;60,98;1%;TRUE;;250;;;;;;
04.12.1995;62,16;2%;TRUE;;250;;;;;;
11.12.1995;61,81;-1%;FALSE;-1%;200;;;;;;
18.12.1995;61,2;-1%;FALSE;-2%;150;;;;;;
25.12.1995;61,48;0%;FALSE;-1%;200;;;;;;
01.01.1996;61,59;0%;FALSE;-1%;200;;;;;;
08.01.1996;60,23;-2%;FALSE;-3%;100;;;;;;
15.01.1996;61,27;2%;FALSE;-1%;200;;;;;;
22.01.1996;62,23;2%;TRUE;;250;;;;;;
29.01.1996;63,64;2%;TRUE;;250;;;;;;
05.02.1996;65,83;3%;TRUE;;250;;;;;;
12.02.1996;64,94;-1%;FALSE;-1%;200;;;;;;
19.02.1996;65,94;2%;TRUE;;250;;;;;;
26.02.1996;64,89;-2%;FALSE;-2%;150;;;;;;
04.03.1996;63,5;-2%;FALSE;-4%;50;;;;;;
11.03.1996;64,13;1%;FALSE;-3%;100;;;;;;
18.03.1996;65,16;2%;FALSE;-1%;200;;;;;;
25.03.1996;64,69;-1%;FALSE;-2%;150;;;;;;
01.04.1996;65,52;1%;FALSE;-1%;200;;;;;;
08.04.1996;63,72;-3%;FALSE;-3%;100;;;;;;
15.04.1996;64,53;1%;FALSE;-2%;150;;;;;;
22.04.1996;65,44;1%;FALSE;-1%;200;;;;;;
29.04.1996;64,31;-2%;FALSE;-2%;150;;;;;;
06.05.1996;65,38;2%;FALSE;-1%;200;;;;;;
13.05.1996;67,19;3%;TRUE;;250;;;;;;
20.05.1996;68,17;1%;TRUE;;250;;;;;;
27.05.1996;66,88;-2%;FALSE;-2%;150;;;;;;
03.06.1996;67,63;1%;FALSE;-1%;200;;;;;;
10.06.1996;66,94;-1%;FALSE;-2%;150;;;;;;
17.06.1996;66,81;0%;FALSE;-2%;150;;;;;;
24.06.1996;67,11;0%;FALSE;-2%;150;;;;;;
01.07.1996;65,58;-2%;FALSE;-4%;50;;;;;;
08.07.1996;64,56;-2%;FALSE;-5%;20;;;;;;
15.07.1996;63,97;-1%;FALSE;-6%;20;;;;;;
22.07.1996;63,72;0%;FALSE;-7%;20;;;;;;
29.07.1996;66,56;4%;FALSE;-2%;150;;;;;;
05.08.1996;66,22;-1%;FALSE;-3%;100;;;;;;
12.08.1996;66,84;1%;FALSE;-2%;150;;;;;;
19.08.1996;66,86;0%;FALSE;-2%;150;;;;;;
26.08.1996;65,33;-2%;FALSE;-4%;50;;;;;;
02.09.1996;65,94;1%;FALSE;-3%;100;;;;;;
09.09.1996;68,56;4%;TRUE;;250;;;;;;
16.09.1996;68,64;0%;TRUE;;250;;;;;;
23.09.1996;68,69;0%;TRUE;;250;;;;;;
30.09.1996;70,34;2%;TRUE;;250;;;;;;
07.10.1996;70,31;0%;FALSE;0%;250;;;;;;
14.10.1996;71,22;1%;TRUE;;250;;;;;;
21.10.1996;70,31;-1%;FALSE;-1%;200;;;;;;
28.10.1996;70,59;0%;FALSE;-1%;200;;;;;;
04.11.1996;73,42;4%;TRUE;;250;;;;;;
11.11.1996;74,03;1%;TRUE;;250;;;;;;
18.11.1996;75,17;2%;TRUE;;250;;;;;;
25.11.1996;76,02;1%;TRUE;;250;;;;;;
02.12.1996;74,31;-2%;FALSE;-2%;150;;;;;;
09.12.1996;73,31;-1%;FALSE;-4%;50;;;;;;
16.12.1996;74,84;2%;FALSE;-2%;150;;;;;;
23.12.1996;75,88;1%;FALSE;0%;250;;;;;;
30.12.1996;75,09;-1%;FALSE;-1%;200;;;;;;
06.01.1997;76,13;1%;TRUE;;250;;;;;;
13.01.1997;77,56;2%;TRUE;;250;;;;;;
20.01.1997;76,75;-1%;FALSE;-1%;200;;;;;;
27.01.1997;78,41;2%;TRUE;;250;;;;;;
03.02.1997;79,22;1%;TRUE;;250;;;;;;
10.02.1997;81,19;2%;TRUE;;250;;;;;;
17.02.1997;80,38;-1%;FALSE;-1%;200;;;;;;
24.02.1997;79,16;-2%;FALSE;-3%;100;;;;;;
03.03.1997;80,84;2%;FALSE;0%;250;;;;;;
10.03.1997;79,69;-1%;FALSE;-2%;150;;;;;;
17.03.1997;78,44;-2%;FALSE;-3%;100;;;;;;
24.03.1997;77;-2%;FALSE;-5%;20;;;;;;
31.03.1997;75,84;-2%;FALSE;-7%;20;;;;;;
07.04.1997;73,38;-3%;FALSE;-10%;20;;;;;;
14.04.1997;76,56;4%;FALSE;-6%;20;;;;;;
21.04.1997;76,53;0%;FALSE;-6%;20;;;;;;
28.04.1997;81,44;6%;TRUE;;250;;;;;;
05.05.1997;82,63;1%;TRUE;;250;;;;;;
12.05.1997;83,22;1%;TRUE;;250;;;;;;
19.05.1997;84,78;2%;TRUE;;250;;;;;;
26.05.1997;85,16;0%;TRUE;;250;;;;;;
02.06.1997;86,38;1%;TRUE;;250;;;;;;
09.06.1997;89,72;4%;TRUE;;250;;;;;;
16.06.1997;89,58;0%;FALSE;0%;250;;;;;;
23.06.1997;88,91;-1%;FALSE;-1%;200;;;;;;
30.06.1997;92,06;4%;TRUE;;250;;;;;;
07.07.1997;91,78;0%;FALSE;0%;250;;;;;;
14.07.1997;91,3;-1%;FALSE;-1%;200;;;;;;
21.07.1997;94,03;3%;TRUE;;250;;;;;;
28.07.1997;94,94;1%;TRUE;;250;;;;;;
04.08.1997;93,38;-2%;FALSE;-2%;150;;;;;;
11.08.1997;89,78;-4%;FALSE;-5%;20;;;;;;
18.08.1997;92,56;3%;FALSE;-3%;100;;;;;;
25.08.1997;90,38;-2%;FALSE;-5%;20;;;;;;
01.09.1997;93,14;3%;FALSE;-2%;150;;;;;;
08.09.1997;92,66;-1%;FALSE;-2%;150;;;;;;
15.09.1997;95,03;3%;TRUE;;250;;;;;;
22.09.1997;94,47;-1%;FALSE;-1%;200;;;;;;
29.09.1997;96,64;2%;TRUE;;250;;;;;;
06.10.1997;96,88;0%;TRUE;;250;;;;;;
13.10.1997;94,28;-3%;FALSE;-3%;100;;;;;;
20.10.1997;94;0%;FALSE;-3%;100;;;;;;
27.10.1997;92,06;-2%;FALSE;-5%;20;;;;;;
03.11.1997;92,94;1%;FALSE;-4%;50;;;;;;
10.11.1997;93,06;0%;FALSE;-4%;50;;;;;;
17.11.1997;96,75;4%;FALSE;0%;250;;;;;;
24.11.1997;95,63;-1%;FALSE;-1%;200;;;;;;
01.12.1997;98,94;3%;TRUE;;250;;;;;;
08.12.1997;95,75;-3%;FALSE;-3%;100;;;;;;
15.12.1997;94,78;-1%;FALSE;-4%;50;;;;;;
22.12.1997;93,78;-1%;FALSE;-5%;20;;;;;;
29.12.1997;97,56;4%;FALSE;-1%;200;;;;;;
05.01.1998;92,31;-5%;FALSE;-7%;20;;;;;;
12.01.1998;96,31;4%;FALSE;-3%;100;;;;;;
19.01.1998;95,94;0%;FALSE;-3%;100;;;;;;
26.01.1998;98,31;2%;FALSE;-1%;200;;;;;;
02.02.1998;101,63;3%;TRUE;;250;;;;;;
09.02.1998;102;0%;TRUE;;250;;;;;;
16.02.1998;103,66;2%;TRUE;;250;;;;;;
23.02.1998;105,13;1%;TRUE;;250;;;;;;
02.03.1998;105,94;1%;TRUE;;250;;;;;;
09.03.1998;107,09;1%;TRUE;;250;;;;;;
16.03.1998;109,88;3%;TRUE;;250;;;;;;
23.03.1998;109,63;0%;FALSE;0%;250;;;;;;
30.03.1998;112,59;3%;TRUE;;250;;;;;;
06.04.1998;111,19;-1%;FALSE;-1%;200;;;;;;
13.04.1998;112,28;1%;FALSE;0%;250;;;;;;
20.04.1998;110,81;-1%;FALSE;-2%;150;;;;;;
27.04.1998;112,59;2%;TRUE;;250;;;;;;
04.05.1998;111,13;-1%;FALSE;-1%;200;;;;;;
11.05.1998;111,03;0%;FALSE;-1%;200;;;;;;
18.05.1998;111,25;0%;FALSE;-1%;200;;;;;;
25.05.1998;109,03;-2%;FALSE;-3%;100;;;;;;
01.06.1998;112;3%;FALSE;-1%;200;;;;;;
08.06.1998;110,44;-1%;FALSE;-2%;150;;;;;;
15.06.1998;110,06;0%;FALSE;-2%;150;;;;;;
22.06.1998;113,69;3%;TRUE;;250;;;;;;
29.06.1998;114,84;1%;TRUE;;250;;;;;;
06.07.1998;116,47;1%;TRUE;;250;;;;;;
13.07.1998;118,56;2%;TRUE;;250;;;;;;
20.07.1998;114,09;-4%;FALSE;-4%;50;;;;;;
27.07.1998;111,78;-2%;FALSE;-6%;20;;;;;;
03.08.1998;109,13;-2%;FALSE;-8%;20;;;;;;
10.08.1998;106,13;-3%;FALSE;-10%;20;;;;;;
17.08.1998;108,56;2%;FALSE;-8%;20;;;;;;
24.08.1998;103,38;-5%;FALSE;-13%;20;;;;;;
31.08.1998;97,75;-5%;FALSE;-18%;20;;;;;;
07.09.1998;101,69;4%;FALSE;-14%;20;;;;;;
14.09.1998;102,09;0%;FALSE;-14%;20;;;;;;
21.09.1998;104,25;2%;FALSE;-12%;20;;;;;;
28.09.1998;100,72;-3%;FALSE;-15%;20;;;;;;
05.10.1998;98,53;-2%;FALSE;-17%;20;;;;;;
12.10.1998;106;8%;FALSE;-11%;20;;;;;;
19.10.1998;106,84;1%;FALSE;-10%;20;;;;;;
26.10.1998;110;3%;FALSE;-7%;20;;;;;;
02.11.1998;114,13;4%;FALSE;-4%;50;;;;;;
09.11.1998;113,22;-1%;FALSE;-5%;20;;;;;;
16.11.1998;116,63;3%;FALSE;-2%;150;;;;;;
23.11.1998;119,5;2%;TRUE;;250;;;;;;
30.11.1998;118,38;-1%;FALSE;-1%;200;;;;;;
07.12.1998;117,13;-1%;FALSE;-2%;150;;;;;;
14.12.1998;118,5;1%;FALSE;-1%;200;;;;;;
21.12.1998;122,69;4%;TRUE;;250;;;;;;
28.12.1998;123,31;1%;TRUE;;250;;;;;;
04.01.1999;127,75;4%;TRUE;;250;;;;;;
11.01.1999;124,38;-3%;FALSE;-3%;100;;;;;;
18.01.1999;122,56;-1%;FALSE;-4%;50;;;;;;
25.01.1999;127,66;4%;FALSE;0%;250;;;;;;
01.02.1999;124,06;-3%;FALSE;-3%;100;;;;;;
08.02.1999;123,63;0%;FALSE;-3%;100;;;;;;
15.02.1999;124,25;1%;FALSE;-3%;100;;;;;;
22.02.1999;123,56;-1%;FALSE;-3%;100;;;;;;
01.03.1999;127,55;3%;FALSE;0%;250;;;;;;
08.03.1999;129,38;1%;TRUE;;250;;;;;;
15.03.1999;129,69;0%;TRUE;;250;;;;;;
22.03.1999;128,56;-1%;FALSE;-1%;200;;;;;;
29.03.1999;129,34;1%;FALSE;0%;250;;;;;;
05.04.1999;134,88;4%;TRUE;;250;;;;;;
12.04.1999;131,53;-2%;FALSE;-2%;150;;;;;;
19.04.1999;135,81;3%;TRUE;;250;;;;;;
26.04.1999;133,25;-2%;FALSE;-2%;150;;;;;;
03.05.1999;135;1%;FALSE;-1%;200;;;;;;
10.05.1999;133,78;-1%;FALSE;-1%;200;;;;;;
17.05.1999;133,34;0%;FALSE;-2%;150;;;;;;
24.05.1999;130,2;-2%;FALSE;-4%;50;;;;;;
31.05.1999;133,22;2%;FALSE;-2%;150;;;;;;
07.06.1999;129,81;-3%;FALSE;-4%;50;;;;;;
14.06.1999;134,31;3%;FALSE;-1%;200;;;;;;
21.06.1999;131,7;-2%;FALSE;-3%;100;;;;;;
28.06.1999;139,41;6%;TRUE;;250;;;;;;
05.07.1999;140,5;1%;TRUE;;250;;;;;;
12.07.1999;141,81;1%;TRUE;;250;;;;;;
19.07.1999;135,75;-4%;FALSE;-4%;50;;;;;;
26.07.1999;132,75;-2%;FALSE;-6%;20;;;;;;
02.08.1999;130,38;-2%;FALSE;-8%;20;;;;;;
09.08.1999;133,16;2%;FALSE;-6%;20;;;;;;
16.08.1999;133,91;1%;FALSE;-6%;20;;;;;;
23.08.1999;135,06;1%;FALSE;-5%;20;;;;;;
30.08.1999;135,97;1%;FALSE;-4%;50;;;;;;
06.09.1999;135,88;0%;FALSE;-4%;50;;;;;;
13.09.1999;133,75;-2%;FALSE;-6%;20;;;;;;
20.09.1999;127,75;-4%;FALSE;-10%;20;;;;;;
27.09.1999;128,47;1%;FALSE;-9%;20;;;;;;
04.10.1999;133,88;4%;FALSE;-6%;20;;;;;;
11.10.1999;124,88;-7%;FALSE;-12%;20;;;;;;
18.10.1999;130,09;4%;FALSE;-8%;20;;;;;;
25.10.1999;137;5%;FALSE;-3%;100;;;;;;
01.11.1999;137,88;1%;FALSE;-3%;100;;;;;;
08.11.1999;139,75;1%;FALSE;-1%;200;;;;;;
15.11.1999;142,5;2%;TRUE;;250;;;;;;
22.11.1999;141,44;-1%;FALSE;-1%;200;;;;;;
29.11.1999;143,84;2%;TRUE;;250;;;;;;
06.12.1999;141,88;-1%;FALSE;-1%;200;;;;;;
13.12.1999;142,69;1%;FALSE;-1%;200;;;;;;
20.12.1999;146,48;3%;TRUE;;250;;;;;;
27.12.1999;146,88;0%;TRUE;;250;;;;;;
03.01.2000;145,75;-1%;FALSE;-1%;200;;;;;;
10.01.2000;146,97;1%;TRUE;;250;;;;;;
17.01.2000;144,44;-2%;FALSE;-2%;150;;;;;;
24.01.2000;135,88;-6%;FALSE;-8%;20;;;;;;
31.01.2000;142,59;5%;FALSE;-3%;100;;;;;;
07.02.2000;138,69;-3%;FALSE;-6%;20;;;;;;
14.02.2000;135,31;-2%;FALSE;-8%;20;;;;;;
21.02.2000;133,33;-1%;FALSE;-9%;20;;;;;;
28.02.2000;141,13;6%;FALSE;-4%;50;;;;;;
06.03.2000;140,13;-1%;FALSE;-5%;20;;;;;;
13.03.2000;146,94;5%;FALSE;0%;250;;;;;;
20.03.2000;153,56;5%;TRUE;;250;;;;;;
27.03.2000;150,38;-2%;FALSE;-2%;150;;;;;;
03.04.2000;151,44;1%;FALSE;-1%;200;;;;;;
10.04.2000;136;-10%;FALSE;-11%;20;;;;;;
17.04.2000;143,81;6%;FALSE;-6%;20;;;;;;
24.04.2000;145,09;1%;FALSE;-6%;20;;;;;;
01.05.2000;143,53;-1%;FALSE;-7%;20;;;;;;
08.05.2000;142,81;-1%;FALSE;-7%;20;;;;;;
15.05.2000;141,13;-1%;FALSE;-8%;20;;;;;;
22.05.2000;138;-2%;FALSE;-10%;20;;;;;;
29.05.2000;147,84;7%;FALSE;-4%;50;;;;;;
05.06.2000;146,59;-1%;FALSE;-5%;20;;;;;;
12.06.2000;146,59;0%;FALSE;-5%;20;;;;;;
19.06.2000;144,38;-2%;FALSE;-6%;20;;;;;;
26.06.2000;145,28;1%;FALSE;-5%;20;;;;;;
03.07.2000;148,09;2%;FALSE;-4%;50;;;;;;
10.07.2000;151,25;2%;FALSE;-2%;150;;;;;;
17.07.2000;147,69;-2%;FALSE;-4%;50;;;;;;
24.07.2000;142,09;-4%;FALSE;-7%;20;;;;;;
31.07.2000;146,38;3%;FALSE;-5%;20;;;;;;
07.08.2000;147,41;1%;FALSE;-4%;50;;;;;;
14.08.2000;149,69;2%;FALSE;-3%;100;;;;;;
21.08.2000;151,25;1%;FALSE;-2%;150;;;;;;
28.08.2000;152,5;1%;FALSE;-1%;200;;;;;;
04.09.2000;149,81;-2%;FALSE;-2%;150;;;;;;
11.09.2000;146;-3%;FALSE;-5%;20;;;;;;
18.09.2000;145,28;0%;FALSE;-5%;20;;;;;;
25.09.2000;143,63;-1%;FALSE;-6%;20;;;;;;
02.10.2000;141,06;-2%;FALSE;-8%;20;;;;;;
09.10.2000;137,56;-2%;FALSE;-10%;20;;;;;;
16.10.2000;139,91;2%;FALSE;-9%;20;;;;;;
23.10.2000;139,28;0%;FALSE;-9%;20;;;;;;
30.10.2000;142,78;3%;FALSE;-7%;20;;;;;;
06.11.2000;136,63;-4%;FALSE;-11%;20;;;;;;
13.11.2000;136,64;0%;FALSE;-11%;20;;;;;;
20.11.2000;134,84;-1%;FALSE;-12%;20;;;;;;
27.11.2000;132,22;-2%;FALSE;-14%;20;;;;;;
04.12.2000;133,97;1%;FALSE;-13%;20;;;;;;
11.12.2000;130,97;-2%;FALSE;-15%;20;;;;;;
18.12.2000;130,94;0%;FALSE;-15%;20;;;;;;
25.12.2000;131,19;0%;FALSE;-15%;20;;;;;;
01.01.2001;129,19;-2%;FALSE;-16%;20;;;;;;
08.01.2001;132;2%;FALSE;-14%;20;;;;;;
15.01.2001;134,02;2%;FALSE;-13%;20;;;;;;
22.01.2001;135,88;1%;FALSE;-12%;20;;;;;;
29.01.2001;134,8;-1%;FALSE;-12%;20;;;;;;
05.02.2001;131,84;-2%;FALSE;-14%;20;;;;;;
12.02.2001;130,4;-1%;FALSE;-15%;20;;;;;;
19.02.2001;124,96;-4%;FALSE;-19%;20;;;;;;
26.02.2001;123,61;-1%;FALSE;-20%;20;;;;;;
05.03.2001;123,36;0%;FALSE;-20%;20;;;;;;
12.03.2001;115,01;-7%;FALSE;-25%;20;;;;;;
19.03.2001;114,48;0%;FALSE;-25%;20;;;;;;
26.03.2001;116,69;2%;FALSE;-24%;20;;;;;;
02.04.2001;113,3;-3%;FALSE;-26%;20;;;;;;
09.04.2001;118,85;5%;FALSE;-23%;20;;;;;;
16.04.2001;124,5;5%;FALSE;-19%;20;;;;;;
23.04.2001;125,78;1%;FALSE;-18%;20;;;;;;
30.04.2001;127,34;1%;FALSE;-17%;20;;;;;;
07.05.2001;125,15;-2%;FALSE;-19%;20;;;;;;
14.05.2001;129,74;4%;FALSE;-16%;20;;;;;;
21.05.2001;128,1;-1%;FALSE;-17%;20;;;;;;
28.05.2001;126,73;-1%;FALSE;-17%;20;;;;;;
04.06.2001;127;0%;FALSE;-17%;20;;;;;;
11.06.2001;121,85;-4%;FALSE;-21%;20;;;;;;
18.06.2001;122,85;1%;FALSE;-20%;20;;;;;;
25.06.2001;122,6;0%;FALSE;-20%;20;;;;;;
02.07.2001;119,05;-3%;FALSE;-22%;20;;;;;;
09.07.2001;122,24;3%;FALSE;-20%;20;;;;;;
16.07.2001;121,34;-1%;FALSE;-21%;20;;;;;;
23.07.2001;120,81;0%;FALSE;-21%;20;;;;;;
30.07.2001;121,94;1%;FALSE;-21%;20;;;;;;
06.08.2001;119,29;-2%;FALSE;-22%;20;;;;;;
13.08.2001;116,75;-2%;FALSE;-24%;20;;;;;;
20.08.2001;119,02;2%;FALSE;-22%;20;;;;;;
27.08.2001;114,15;-4%;FALSE;-26%;20;;;;;;
03.09.2001;108,72;-5%;FALSE;-29%;20;;;;;;
10.09.2001;110,05;1%;FALSE;-28%;20;;;;;;
17.09.2001;97,28;-12%;FALSE;-37%;20;;;;;;
24.09.2001;104,44;7%;FALSE;-32%;20;;;;;;
01.10.2001;107,23;3%;FALSE;-30%;20;;;;;;
08.10.2001;109,5;2%;FALSE;-29%;20;;;;;;
15.10.2001;107,35;-2%;FALSE;-30%;20;;;;;;
22.10.2001;110,32;3%;FALSE;-28%;20;;;;;;
29.10.2001;109,25;-1%;FALSE;-29%;20;;;;;;
05.11.2001;112,72;3%;FALSE;-27%;20;;;;;;
12.11.2001;114,36;1%;FALSE;-26%;20;;;;;;
19.11.2001;115,68;1%;FALSE;-25%;20;;;;;;
26.11.2001;114,05;-1%;FALSE;-26%;20;;;;;;
03.12.2001;116,56;2%;FALSE;-24%;20;;;;;;
10.12.2001;113,13;-3%;FALSE;-26%;20;;;;;;
17.12.2001;114,95;2%;FALSE;-25%;20;;;;;;
24.12.2001;116;1%;FALSE;-24%;20;;;;;;
31.12.2001;117,62;1%;FALSE;-23%;20;;;;;;
07.01.2002;114,94;-2%;FALSE;-25%;20;;;;;;
14.01.2002;113,15;-2%;FALSE;-26%;20;;;;;;
21.01.2002;113,55;0%;FALSE;-26%;20;;;;;;
28.01.2002;112,65;-1%;FALSE;-27%;20;;;;;;
04.02.2002;110,09;-2%;FALSE;-28%;20;;;;;;
11.02.2002;110,89;1%;FALSE;-28%;20;;;;;;
18.02.2002;109,64;-1%;FALSE;-29%;20;;;;;;
25.02.2002;113,74;4%;FALSE;-26%;20;;;;;;
04.03.2002;116,99;3%;FALSE;-24%;20;;;;;;
11.03.2002;116,65;0%;FALSE;-24%;20;;;;;;
18.03.2002;115,04;-1%;FALSE;-25%;20;;;;;;
25.03.2002;114,52;0%;FALSE;-25%;20;;;;;;
01.04.2002;112,69;-2%;FALSE;-27%;20;;;;;;
08.04.2002;111,42;-1%;FALSE;-27%;20;;;;;;
15.04.2002;112,88;1%;FALSE;-26%;20;;;;;;
22.04.2002;107,39;-5%;FALSE;-30%;20;;;;;;
29.04.2002;107,58;0%;FALSE;-30%;20;;;;;;
06.05.2002;105,72;-2%;FALSE;-31%;20;;;;;;
13.05.2002;110,9;5%;FALSE;-28%;20;;;;;;
20.05.2002;108,69;-2%;FALSE;-29%;20;;;;;;
27.05.2002;107,22;-1%;FALSE;-30%;20;;;;;;
03.06.2002;103,34;-4%;FALSE;-33%;20;;;;;;
10.06.2002;101,4;-2%;FALSE;-34%;20;;;;;;
17.06.2002;99,28;-2%;FALSE;-35%;20;;;;;;
24.06.2002;98,96;0%;FALSE;-36%;20;;;;;;
01.07.2002;99,31;0%;FALSE;-35%;20;;;;;;
08.07.2002;91,85;-8%;FALSE;-40%;20;;;;;;
15.07.2002;84,71;-8%;FALSE;-45%;20;;;;;;
22.07.2002;85,6;1%;FALSE;-44%;20;;;;;;
29.07.2002;86,79;1%;FALSE;-43%;20;;;;;;
05.08.2002;91,29;5%;FALSE;-41%;20;;;;;;
12.08.2002;93,22;2%;FALSE;-39%;20;;;;;;
19.08.2002;94,6;1%;FALSE;-38%;20;;;;;;
26.08.2002;91,78;-3%;FALSE;-40%;20;;;;;;
02.09.2002;90;-2%;FALSE;-41%;20;;;;;;
09.09.2002;89,67;0%;FALSE;-42%;20;;;;;;
16.09.2002;84,35;-6%;FALSE;-45%;20;;;;;;
23.09.2002;82,75;-2%;FALSE;-46%;20;;;;;;
30.09.2002;80,8;-2%;FALSE;-47%;20;;;;;;
07.10.2002;84,16;4%;FALSE;-45%;20;;;;;;
14.10.2002;88,64;5%;FALSE;-42%;20;;;;;;
21.10.2002;90,2;2%;FALSE;-41%;20;;;;;;
28.10.2002;90,27;0%;FALSE;-41%;20;;;;;;
04.11.2002;89,65;-1%;FALSE;-42%;20;;;;;;
11.11.2002;91,4;2%;FALSE;-40%;20;;;;;;
18.11.2002;93,42;2%;FALSE;-39%;20;;;;;;
25.11.2002;93,98;1%;FALSE;-39%;20;;;;;;
02.12.2002;92,03;-2%;FALSE;-40%;20;;;;;;
09.12.2002;89,34;-3%;FALSE;-42%;20;;;;;;
16.12.2002;89,99;1%;FALSE;-41%;20;;;;;;
23.12.2002;87,38;-3%;FALSE;-43%;20;;;;;;
30.12.2002;91,35;5%;FALSE;-41%;20;;;;;;
06.01.2003;93,06;2%;FALSE;-39%;20;;;;;;
13.01.2003;90,66;-3%;FALSE;-41%;20;;;;;;
20.01.2003;86,38;-5%;FALSE;-44%;20;10%;;;;;
27.01.2003;86,06;0%;FALSE;-44%;20;9%;;;;;
03.02.2003;83,42;-3%;FALSE;-46%;20;9%;;;;;
10.02.2003;84,15;1%;FALSE;-45%;20;9%;;;;;
17.02.2003;85,18;1%;FALSE;-45%;20;9%;;;;;
24.02.2003;84,9;0%;FALSE;-45%;20;9%;;;;;
03.03.2003;83,32;-2%;FALSE;-46%;20;9%;;;;;
10.03.2003;84,13;1%;FALSE;-45%;20;9%;;;;;
17.03.2003;89,67;7%;FALSE;-42%;20;10%;;;;;
24.03.2003;86,71;-3%;FALSE;-44%;20;9%;;;;;
31.03.2003;88,22;2%;FALSE;-43%;20;10%;;;;;
07.04.2003;87,15;-1%;FALSE;-43%;20;10%;;;;;
14.04.2003;89,56;3%;FALSE;-42%;20;10%;;;;;
21.04.2003;90,23;1%;FALSE;-41%;20;10%;;;;;
28.04.2003;93,21;3%;FALSE;-39%;20;10%;;;;;
05.05.2003;93,73;1%;FALSE;-39%;20;10%;;;;;
12.05.2003;94,87;1%;FALSE;-38%;20;10%;;;;;
19.05.2003;93,76;-1%;FALSE;-39%;20;10%;;;;;
26.05.2003;96,95;3%;FALSE;-37%;20;11%;;;;;
02.06.2003;99,26;2%;FALSE;-35%;20;11%;;;;;
09.06.2003;99,56;0%;FALSE;-35%;20;11%;;;;;
16.06.2003;99,44;0%;FALSE;-35%;20;11%;;;;;
23.06.2003;97,66;-2%;FALSE;-36%;20;11%;;;;;
30.06.2003;98,74;1%;FALSE;-36%;20;11%;;;;;
07.07.2003;100,24;2%;FALSE;-35%;20;11%;;;;;
14.07.2003;99,51;-1%;FALSE;-35%;20;11%;;;;;
21.07.2003;100,23;1%;FALSE;-35%;20;11%;;;;;
28.07.2003;98,51;-2%;FALSE;-36%;20;11%;;;;;
04.08.2003;98,28;0%;FALSE;-36%;20;11%;;;;;
11.08.2003;99,62;1%;FALSE;-35%;20;11%;;;;;
18.08.2003;99,77;0%;FALSE;-35%;20;11%;;;;;
25.08.2003;101,44;2%;FALSE;-34%;20;11%;;;;;
01.09.2003;102,83;1%;FALSE;-33%;20;11%;;;;;
08.09.2003;102,45;0%;FALSE;-33%;20;11%;;;;;
15.09.2003;103,67;1%;FALSE;-32%;20;11%;;;;;
22.09.2003;99,95;-4%;FALSE;-35%;20;11%;;;;;
29.09.2003;103,39;3%;FALSE;-33%;20;11%;;;;;
06.10.2003;104,57;1%;FALSE;-32%;20;11%;;;;;
13.10.2003;104,26;0%;FALSE;-32%;20;11%;;;;;
20.10.2003;103,58;-1%;FALSE;-33%;20;11%;;;;;
27.10.2003;105,3;2%;FALSE;-31%;20;11%;;;;;
03.11.2003;105,61;0%;FALSE;-31%;20;11%;;;;;
10.11.2003;105,46;0%;FALSE;-31%;20;11%;;;;;
17.11.2003;104,21;-1%;FALSE;-32%;20;11%;;;;;
24.11.2003;106,45;2%;FALSE;-31%;20;11%;;;;;
01.12.2003;106,85;0%;FALSE;-30%;20;11%;;;;;
08.12.2003;108,14;1%;FALSE;-30%;20;11%;;;;;
15.12.2003;108,9;1%;FALSE;-29%;20;11%;;;;;
22.12.2003;109,7;1%;FALSE;-29%;20;11%;;;;;
29.12.2003;111,23;1%;FALSE;-28%;20;12%;;;;;
05.01.2004;112,39;1%;FALSE;-27%;20;12%;;;;;
12.01.2004;114,23;2%;FALSE;-26%;20;12%;;;;;
19.01.2004;114,43;0%;FALSE;-25%;20;12%;;;;;
26.01.2004;113,48;-1%;FALSE;-26%;20;12%;;;;;
02.02.2004;114,45;1%;FALSE;-25%;20;12%;;;;;
09.02.2004;115,13;1%;FALSE;-25%;20;12%;;;;;
16.02.2004;114,88;0%;FALSE;-25%;20;12%;;;;;
23.02.2004;115,02;0%;FALSE;-25%;20;12%;;;;;
01.03.2004;116,38;1%;FALSE;-24%;20;12%;;;;;
08.03.2004;112,58;-3%;FALSE;-27%;20;12%;;;;;
15.03.2004;111,06;-1%;FALSE;-28%;20;11%;;;;;
22.03.2004;111,03;0%;FALSE;-28%;20;11%;;;;;
29.03.2004;114,64;3%;FALSE;-25%;20;12%;;;;;
05.04.2004;114,37;0%;FALSE;-26%;20;12%;;;;;
12.04.2004;113,83;0%;FALSE;-26%;20;12%;;;;;
19.04.2004;114,36;0%;FALSE;-26%;20;12%;;;;;
26.04.2004;110,96;-3%;FALSE;-28%;20;11%;;;;;
03.05.2004;109,96;-1%;FALSE;-28%;20;11%;;;;;
10.05.2004;110,04;0%;FALSE;-28%;20;11%;;;;;
17.05.2004;109,81;0%;FALSE;-28%;20;11%;;;;;
24.05.2004;112,86;3%;FALSE;-27%;20;11%;;;;;
31.05.2004;112,98;0%;FALSE;-26%;20;11%;;;;;
07.06.2004;114,35;1%;FALSE;-26%;20;12%;;;;;
14.06.2004;113,63;-1%;FALSE;-26%;20;12%;;;;;
21.06.2004;113,84;0%;FALSE;-26%;20;12%;;;;;
28.06.2004;112,88;-1%;FALSE;-26%;20;11%;;;;;
05.07.2004;111,73;-1%;FALSE;-27%;20;11%;;;;;
12.07.2004;110,71;-1%;FALSE;-28%;20;11%;;;;;
19.07.2004;108,96;-2%;FALSE;-29%;20;11%;;;;;
26.07.2004;110,84;2%;FALSE;-28%;20;11%;;;;;
02.08.2004;106,85;-4%;FALSE;-30%;20;11%;;;;;
09.08.2004;107,19;0%;FALSE;-30%;20;11%;;;;;
16.08.2004;110,48;3%;FALSE;-28%;20;11%;;;;;
23.08.2004;111,45;1%;FALSE;-27%;20;11%;;;;;
30.08.2004;112,12;1%;FALSE;-27%;20;11%;;;;;
06.09.2004;113,06;1%;FALSE;-26%;20;11%;;;;;
13.09.2004;113,15;0%;FALSE;-26%;20;11%;;;;;
20.09.2004;111,46;-1%;FALSE;-27%;20;11%;;;;;
27.09.2004;113,65;2%;FALSE;-26%;20;11%;;;;;
04.10.2004;112,51;-1%;FALSE;-27%;20;11%;;;;;
11.10.2004;111,26;-1%;FALSE;-28%;20;11%;;;;;
18.10.2004;109,99;-1%;FALSE;-28%;20;11%;;;;;
25.10.2004;113,2;3%;FALSE;-26%;20;11%;;;;;
01.11.2004;117,28;4%;FALSE;-24%;20;12%;;;;;
08.11.2004;118,79;1%;FALSE;-23%;20;12%;;;;;
15.11.2004;117,42;-1%;FALSE;-24%;20;12%;;;;;
22.11.2004;118,35;1%;FALSE;-23%;20;12%;;;;;
29.11.2004;119,25;1%;FALSE;-22%;20;12%;;;;;
06.12.2004;119,33;0%;FALSE;-22%;20;12%;;;;;
13.12.2004;119,44;0%;FALSE;-22%;20;12%;;;;;
20.12.2004;120,77;1%;FALSE;-21%;20;12%;;;;;
27.12.2004;120,87;0%;FALSE;-21%;20;12%;;;;;
03.01.2005;118,44;-2%;FALSE;-23%;20;12%;;;;;
10.01.2005;118,24;0%;FALSE;-23%;20;12%;;;;;
17.01.2005;116,78;-1%;FALSE;-24%;20;11%;;;;;
24.01.2005;117,43;1%;FALSE;-24%;20;11%;;;;;
31.01.2005;120,23;2%;FALSE;-22%;20;12%;;;;;
07.02.2005;120,77;0%;FALSE;-21%;20;12%;;;;;
14.02.2005;120,39;0%;FALSE;-22%;20;12%;;;;;
21.02.2005;121,43;1%;FALSE;-21%;20;12%;;;;;
28.02.2005;122,73;1%;FALSE;-20%;20;12%;;;;;
07.03.2005;120,39;-2%;FALSE;-22%;20;12%;;;;;
14.03.2005;118,54;-2%;FALSE;-23%;20;11%;;;;;
21.03.2005;117,14;-1%;FALSE;-24%;20;11%;;;;;
28.03.2005;117,43;0%;FALSE;-24%;20;11%;;;;;
04.04.2005;118;0%;FALSE;-23%;20;11%;;;;;
11.04.2005;114,15;-3%;FALSE;-26%;20;11%;;;;;
18.04.2005;115,57;1%;FALSE;-25%;20;11%;;;;;
25.04.2005;115,75;0%;FALSE;-25%;20;11%;;;;;
02.05.2005;117,09;1%;FALSE;-24%;20;11%;;;;;
09.05.2005;115,72;-1%;FALSE;-25%;20;11%;;;;;
16.05.2005;119,12;3%;FALSE;-22%;20;11%;;;;;
23.05.2005;120,25;1%;FALSE;-22%;20;11%;;;;;
30.05.2005;120,15;0%;FALSE;-22%;20;11%;;;;;
06.06.2005;120,2;0%;FALSE;-22%;20;11%;;;;;
13.06.2005;121,36;1%;FALSE;-21%;20;12%;;;;;
20.06.2005;118,98;-2%;FALSE;-23%;20;11%;;;;;
27.06.2005;119,53;0%;FALSE;-22%;20;11%;;;;;
04.07.2005;121,32;1%;FALSE;-21%;20;11%;;;;;
11.07.2005;122,84;1%;FALSE;-20%;20;12%;;;;;
18.07.2005;123,54;1%;FALSE;-20%;20;12%;;;;;
25.07.2005;123,74;0%;FALSE;-19%;20;12%;;;;;
01.08.2005;122,88;-1%;FALSE;-20%;20;12%;;;;;
08.08.2005;123,06;0%;FALSE;-20%;20;12%;;;;;
15.08.2005;122,47;0%;FALSE;-20%;20;11%;;;;;
22.08.2005;120,76;-1%;FALSE;-21%;20;11%;;;;;
29.08.2005;122,27;1%;FALSE;-20%;20;11%;;;;;
05.09.2005;124,6;2%;FALSE;-19%;20;12%;;;;;
12.09.2005;123,5;-1%;FALSE;-20%;20;12%;;;;;
19.09.2005;121,44;-2%;FALSE;-21%;20;11%;;;;;
26.09.2005;123,04;1%;FALSE;-20%;20;11%;;;;;
03.10.2005;119,61;-3%;FALSE;-22%;20;11%;;;;;
10.10.2005;118,67;-1%;FALSE;-23%;20;11%;;;;;
17.10.2005;118,13;0%;FALSE;-23%;20;11%;;;;;
24.10.2005;119,8;1%;FALSE;-22%;20;11%;;;;;
31.10.2005;122,11;2%;FALSE;-20%;20;11%;;;;;
07.11.2005;123,76;1%;FALSE;-19%;20;11%;;;;;
14.11.2005;125,13;1%;FALSE;-19%;20;12%;;;;;
21.11.2005;127,13;2%;FALSE;-17%;20;12%;;;;;
28.11.2005;126,85;0%;FALSE;-17%;20;12%;;;;;
05.12.2005;126,33;0%;FALSE;-18%;20;12%;;;;;
12.12.2005;126,36;0%;FALSE;-18%;20;12%;;;;;
19.12.2005;126,76;0%;FALSE;-17%;20;12%;;;;;
26.12.2005;124,51;-2%;FALSE;-19%;20;11%;;;;;
02.01.2006;128,44;3%;FALSE;-16%;20;12%;;;;;
09.01.2006;128,68;0%;FALSE;-16%;20;12%;;;;;
16.01.2006;125,97;-2%;FALSE;-18%;20;12%;;;;;
23.01.2006;128,54;2%;FALSE;-16%;20;12%;;;;;
30.01.2006;126,27;-2%;FALSE;-18%;20;12%;;;;;
06.02.2006;126,64;0%;FALSE;-18%;20;12%;;;;;
13.02.2006;128,81;2%;FALSE;-16%;20;12%;;;;;
20.02.2006;129,41;0%;FALSE;-16%;20;12%;;;;;
27.02.2006;128,76;-1%;FALSE;-16%;20;12%;;;;;
06.03.2006;128,59;0%;FALSE;-16%;20;12%;;;;;
13.03.2006;130,62;2%;FALSE;-15%;20;12%;;;;;
20.03.2006;130,21;0%;FALSE;-15%;20;12%;;;;;
27.03.2006;129,83;0%;FALSE;-15%;20;12%;;;;;
03.04.2006;129,54;0%;FALSE;-16%;20;12%;;;;;
10.04.2006;128,71;-1%;FALSE;-16%;20;12%;;;;;
17.04.2006;131,15;2%;FALSE;-15%;20;12%;;;;;
24.04.2006;131,47;0%;FALSE;-14%;20;12%;;;;;
01.05.2006;132,52;1%;FALSE;-14%;20;12%;;;;;
08.05.2006;129,24;-2%;FALSE;-16%;20;12%;;;;;
15.05.2006;127,1;-2%;FALSE;-17%;20;11%;;;;;
22.05.2006;128,38;1%;FALSE;-16%;20;12%;;;;;
29.05.2006;129;0%;FALSE;-16%;20;12%;;;;;
05.06.2006;125,35;-3%;FALSE;-18%;20;11%;;;;;
12.06.2006;124,65;-1%;FALSE;-19%;20;11%;;;;;
19.06.2006;124,44;0%;FALSE;-19%;20;11%;;;;;
26.06.2006;127,28;2%;FALSE;-17%;20;11%;;;;;
03.07.2006;126,61;-1%;FALSE;-18%;20;11%;;;;;
10.07.2006;123,52;-2%;FALSE;-20%;20;11%;;;;;
17.07.2006;123,95;0%;FALSE;-19%;20;11%;;;;;
24.07.2006;127,98;3%;FALSE;-17%;20;11%;;;;;
31.07.2006;128,2;0%;FALSE;-17%;20;11%;;;;;
07.08.2006;127,01;-1%;FALSE;-17%;20;11%;;;;;
14.08.2006;130,69;3%;FALSE;-15%;20;12%;;;;;
21.08.2006;129,81;-1%;FALSE;-15%;20;11%;;;;;
28.08.2006;131,42;1%;FALSE;-14%;20;12%;;;;;
04.09.2006;130,28;-1%;FALSE;-15%;20;11%;;;;;
11.09.2006;131,96;1%;FALSE;-14%;20;12%;;;;;
18.09.2006;131,47;0%;FALSE;-14%;20;12%;;;;;
25.09.2006;133,58;2%;FALSE;-13%;20;12%;;;;;
02.10.2006;135,01;1%;FALSE;-12%;20;12%;;;;;
09.10.2006;136,63;1%;FALSE;-11%;20;12%;;;;;
16.10.2006;136,84;0%;FALSE;-11%;20;12%;;;;;
23.10.2006;137,91;1%;FALSE;-10%;20;12%;;;;;
30.10.2006;136,54;-1%;FALSE;-11%;20;12%;;;;;
06.11.2006;138,24;1%;FALSE;-10%;20;12%;;;;;
13.11.2006;140,42;2%;FALSE;-9%;20;12%;;;;;
20.11.2006;140,35;0%;FALSE;-9%;20;12%;;;;;
27.11.2006;140,22;0%;FALSE;-9%;20;12%;;;;;
04.12.2006;141,42;1%;FALSE;-8%;20;12%;;;;;
11.12.2006;142,34;1%;FALSE;-7%;20;12%;;;;;
18.12.2006;140,75;-1%;FALSE;-8%;20;12%;;;;;
25.12.2006;141,62;1%;FALSE;-8%;20;12%;;;;;
01.01.2007;140,54;-1%;FALSE;-8%;20;12%;;;;;
08.01.2007;143,24;2%;FALSE;-7%;20;12%;;;;;
15.01.2007;142,82;0%;FALSE;-7%;20;12%;;;;;
22.01.2007;142,13;0%;FALSE;-7%;20;12%;;;;;
29.01.2007;144,81;2%;FALSE;-6%;20;12%;;;;;
05.02.2007;143,94;-1%;FALSE;-6%;20;12%;;;;;
12.02.2007;145,73;1%;FALSE;-5%;20;13%;;;;;
19.02.2007;145,3;0%;FALSE;-5%;20;12%;;;;;
26.02.2007;138,67;-5%;FALSE;-10%;20;12%;;;;;
05.03.2007;140,78;2%;FALSE;-8%;20;12%;;;;;
12.03.2007;138,53;-2%;FALSE;-10%;20;12%;;;;;
19.03.2007;143,39;4%;FALSE;-7%;20;12%;;;;;
26.03.2007;142;-1%;FALSE;-8%;20;12%;;;;;
02.04.2007;144,24;2%;FALSE;-6%;20;12%;;;;;
09.04.2007;145,32;1%;FALSE;-5%;20;12%;;;;;
16.04.2007;148,62;2%;FALSE;-3%;100;13%;;;;;
23.04.2007;149,53;1%;FALSE;-3%;100;13%;;;;;
30.04.2007;150,92;1%;FALSE;-2%;150;13%;;;;;
07.05.2007;150,86;0%;FALSE;-2%;150;13%;;;;;
14.05.2007;152,62;1%;FALSE;-1%;200;13%;;;;;
21.05.2007;151,69;-1%;FALSE;-1%;200;13%;;;;;
28.05.2007;154,08;2%;TRUE;;250;13%;;;;;
04.06.2007;151,04;-2%;FALSE;-2%;150;13%;;;;;
11.06.2007;153,07;1%;FALSE;-1%;200;13%;;;;;
18.06.2007;150,55;-2%;FALSE;-2%;150;13%;;;;;
25.06.2007;150,43;0%;FALSE;-2%;150;13%;;;;;
02.07.2007;152,98;2%;FALSE;-1%;200;13%;;;;;
09.07.2007;154,85;1%;TRUE;;250;13%;;;;;
16.07.2007;153,5;-1%;FALSE;-1%;200;13%;;;;;
23.07.2007;145,11;-5%;FALSE;-6%;20;12%;;;;;
30.07.2007;143,8;-1%;FALSE;-7%;20;12%;;;;;
06.08.2007;144,71;1%;FALSE;-7%;20;12%;;;;;
13.08.2007;144,71;0%;FALSE;-7%;20;12%;;;;;
20.08.2007;148,33;3%;FALSE;-4%;50;12%;;;;;
27.08.2007;147,59;0%;FALSE;-5%;20;12%;;;;;
03.09.2007;146,07;-1%;FALSE;-6%;20;12%;;;;;
10.09.2007;148,9;2%;FALSE;-4%;50;12%;;;;;
17.09.2007;151,97;2%;FALSE;-2%;150;13%;;;;;
24.09.2007;152,58;0%;FALSE;-1%;200;13%;;;;;
01.10.2007;155,85;2%;TRUE;;250;13%;;;;;
08.10.2007;156,33;0%;TRUE;;250;13%;;;;;
15.10.2007;149,67;-4%;FALSE;-4%;50;12%;;;;;
22.10.2007;153,62;3%;FALSE;-2%;150;13%;;;;;
29.10.2007;151,2;-2%;FALSE;-3%;100;13%;;;;;
05.11.2007;145,14;-4%;FALSE;-7%;20;12%;;;;;
12.11.2007;145,79;0%;FALSE;-7%;20;12%;;;;;
19.11.2007;144,13;-1%;FALSE;-8%;20;12%;;;;;
26.11.2007;148,66;3%;FALSE;-5%;20;12%;;;;;
03.12.2007;150,91;2%;FALSE;-3%;100;12%;;;;;
10.12.2007;147,17;-2%;FALSE;-6%;20;12%;;;;;
17.12.2007;148,13;1%;FALSE;-5%;20;12%;;;;;
24.12.2007;147,3;-1%;FALSE;-6%;20;12%;;;;;
31.12.2007;141,31;-4%;FALSE;-10%;20;12%;;;;;
07.01.2008;140,15;-1%;FALSE;-10%;20;12%;;;;;
14.01.2008;132,06;-6%;FALSE;-16%;20;11%;;;;;
21.01.2008;133,04;1%;FALSE;-15%;20;11%;;;;;
28.01.2008;139,58;5%;FALSE;-11%;20;11%;;;;;
04.02.2008;133,07;-5%;FALSE;-15%;20;11%;;;;;
11.02.2008;135,14;2%;FALSE;-14%;20;11%;;;;;
18.02.2008;135,62;0%;FALSE;-13%;20;11%;;;;;
25.02.2008;133,82;-1%;FALSE;-14%;20;11%;;;;;
03.03.2008;129,71;-3%;FALSE;-17%;20;11%;;;;;
10.03.2008;129,61;0%;FALSE;-17%;20;11%;;;;;
17.03.2008;132,08;2%;FALSE;-16%;20;11%;;;;;
24.03.2008;131,51;0%;FALSE;-16%;20;11%;;;;;
31.03.2008;136,89;4%;FALSE;-12%;20;11%;;;;;
07.04.2008;133,38;-3%;FALSE;-15%;20;11%;;;;;
14.04.2008;138,48;4%;FALSE;-11%;20;11%;;;;;
21.04.2008;139,6;1%;FALSE;-11%;20;11%;;;;;
28.04.2008;141,51;1%;FALSE;-9%;20;12%;;;;;
05.05.2008;138,9;-2%;FALSE;-11%;20;11%;;;;;
12.05.2008;142,66;3%;FALSE;-9%;20;12%;;;;;
19.05.2008;137,64;-4%;FALSE;-12%;20;11%;;;;;
26.05.2008;140,35;2%;FALSE;-10%;20;11%;;;;;
02.06.2008;136,29;-3%;FALSE;-13%;20;11%;;;;;
09.06.2008;136,15;0%;FALSE;-13%;20;11%;;;;;
16.06.2008;131,58;-3%;FALSE;-16%;20;11%;;;;;
23.06.2008;127,53;-3%;FALSE;-18%;20;10%;;;;;
30.06.2008;126,31;-1%;FALSE;-19%;20;10%;;;;;
07.07.2008;123,84;-2%;FALSE;-21%;20;10%;;;;;
14.07.2008;125,98;2%;FALSE;-19%;20;10%;;;;;
21.07.2008;125,48;0%;FALSE;-20%;20;10%;;;;;
28.07.2008;126,16;1%;FALSE;-19%;20;10%;;;;;
04.08.2008;129,37;3%;FALSE;-17%;20;11%;;;;;
11.08.2008;130,17;1%;FALSE;-17%;20;11%;;;;;
18.08.2008;129,65;0%;FALSE;-17%;20;11%;;;;;
25.08.2008;128,79;-1%;FALSE;-18%;20;10%;;;;;
01.09.2008;124,42;-3%;FALSE;-20%;20;10%;;;;;
08.09.2008;126,09;1%;FALSE;-19%;20;10%;;;;;
15.09.2008;124,12;-2%;FALSE;-21%;20;10%;;;;;
22.09.2008;120,85;-3%;FALSE;-23%;20;10%;;;;;
29.09.2008;110,34;-9%;FALSE;-29%;20;9%;;;;;
06.10.2008;88,5;-20%;FALSE;-43%;20;7%;;;;;
13.10.2008;93,21;5%;FALSE;-40%;20;8%;;;;;
20.10.2008;87,04;-7%;FALSE;-44%;20;7%;;;;;
27.10.2008;96,83;11%;FALSE;-38%;20;8%;;;;;
03.11.2008;93,86;-3%;FALSE;-40%;20;8%;;;;;
10.11.2008;86,62;-8%;FALSE;-45%;20;7%;;;;;
17.11.2008;79,52;-8%;FALSE;-49%;20;6%;;;;;
24.11.2008;90,09;13%;FALSE;-42%;20;7%;;;;;
01.12.2008;87,93;-2%;FALSE;-44%;20;7%;;;;;
08.12.2008;88,99;1%;FALSE;-43%;20;7%;;;;;
15.12.2008;88,19;-1%;FALSE;-44%;20;7%;;;;;
22.12.2008;87,16;-1%;FALSE;-44%;20;7%;;;;;
29.12.2008;92,96;7%;FALSE;-41%;20;8%;;;;;
05.01.2009;89,09;-4%;FALSE;-43%;20;7%;;;;;
12.01.2009;85,06;-5%;FALSE;-46%;20;7%;;;;;
19.01.2009;83,11;-2%;FALSE;-47%;20;7%;;;;;
26.01.2009;82,83;0%;FALSE;-47%;20;7%;;;;;
02.02.2009;86,98;5%;FALSE;-44%;20;7%;;;;;
09.02.2009;82,76;-5%;FALSE;-47%;20;7%;;;;;
16.02.2009;77,42;-6%;FALSE;-50%;20;6%;;;;;
23.02.2009;73,93;-5%;FALSE;-53%;20;6%;;;;;
02.03.2009;68,92;-7%;FALSE;-56%;20;6%;;;;;
09.03.2009;76,09;10%;FALSE;-51%;20;6%;;;;;
16.03.2009;76,71;1%;FALSE;-51%;20;6%;;;;;
23.03.2009;81,61;6%;FALSE;-48%;20;7%;;;;;
30.03.2009;84,26;3%;FALSE;-46%;20;7%;;;;;
06.04.2009;85,81;2%;FALSE;-45%;20;7%;;;;;
13.04.2009;87,08;1%;FALSE;-44%;20;7%;;;;;
20.04.2009;86,66;0%;FALSE;-45%;20;7%;;;;;
27.04.2009;87,89;1%;FALSE;-44%;20;7%;;;;;
04.05.2009;92,98;6%;FALSE;-41%;20;8%;;;;;
11.05.2009;88,71;-5%;FALSE;-43%;20;7%;;;;;
18.05.2009;89,02;0%;FALSE;-43%;20;7%;;;;;
25.05.2009;92,53;4%;FALSE;-41%;20;8%;;;;;
01.06.2009;94,55;2%;FALSE;-40%;20;8%;;;;;
08.06.2009;95,08;1%;FALSE;-39%;20;8%;;;;;
15.06.2009;92,04;-3%;FALSE;-41%;20;8%;;;;;
22.06.2009;91,84;0%;FALSE;-41%;20;8%;;;;;
29.06.2009;89,81;-2%;FALSE;-43%;20;7%;;;;;
06.07.2009;87,96;-2%;FALSE;-44%;20;7%;;;;;
13.07.2009;94,13;7%;FALSE;-40%;20;8%;;;;;
20.07.2009;98,06;4%;FALSE;-37%;20;8%;;;;;
27.07.2009;98,81;1%;FALSE;-37%;20;8%;;;;;
03.08.2009;101,2;2%;FALSE;-35%;20;8%;;;;;
10.08.2009;100,79;0%;FALSE;-36%;20;8%;;;;;
17.08.2009;102,97;2%;FALSE;-34%;20;9%;;;;;
24.08.2009;103,38;0%;FALSE;-34%;20;9%;;;;;
31.08.2009;102,06;-1%;FALSE;-35%;20;9%;;;;;
07.09.2009;104,77;3%;FALSE;-33%;20;9%;;;;;
14.09.2009;106,72;2%;FALSE;-32%;20;9%;;;;;
21.09.2009;104,45;-2%;FALSE;-33%;20;9%;;;;;
28.09.2009;102,49;-2%;FALSE;-34%;20;9%;;;;;
05.10.2009;107,26;5%;FALSE;-31%;20;9%;;;;;
12.10.2009;108,89;2%;FALSE;-30%;20;9%;;;;;
19.10.2009;108,08;-1%;FALSE;-31%;20;9%;;;;;
26.10.2009;103,56;-4%;FALSE;-34%;20;9%;;;;;
02.11.2009;107,13;3%;FALSE;-31%;20;9%;;;;;
09.11.2009;109,62;2%;FALSE;-30%;20;9%;;;;;
16.11.2009;109,43;0%;FALSE;-30%;20;9%;;;;;
23.11.2009;109,57;0%;FALSE;-30%;20;9%;;;;;
30.11.2009;111,01;1%;FALSE;-29%;20;9%;;;;;
07.12.2009;111,11;0%;FALSE;-29%;20;9%;;;;;
14.12.2009;110,21;-1%;FALSE;-30%;20;9%;;;;;
21.12.2009;112,48;2%;FALSE;-28%;20;9%;;;;;
28.12.2009;111,44;-1%;FALSE;-29%;20;9%;;;;;
04.01.2010;114,57;3%;FALSE;-27%;20;10%;;;;;
11.01.2010;113,64;-1%;FALSE;-27%;20;10%;;;;;
18.01.2010;109,21;-4%;FALSE;-30%;20;9%;;;;;
25.01.2010;107,39;-2%;FALSE;-31%;20;9%;;;;;
01.02.2010;106,66;-1%;FALSE;-32%;20;9%;;;;;
08.02.2010;108,04;1%;FALSE;-31%;20;9%;;;;;
15.02.2010;111,14;3%;FALSE;-29%;20;9%;;;;;
22.02.2010;110,74;0%;FALSE;-29%;20;9%;;;;;
01.03.2010;114,25;3%;FALSE;-27%;20;10%;;;;;
08.03.2010;115,46;1%;FALSE;-26%;20;10%;;;;;
15.03.2010;115,97;0%;FALSE;-26%;20;10%;;;;;
22.03.2010;116,58;1%;FALSE;-25%;20;10%;;;;;
29.03.2010;117,8;1%;FALSE;-25%;20;10%;;;;;
05.04.2010;119,55;1%;FALSE;-24%;20;10%;;;;;
12.04.2010;119,36;0%;FALSE;-24%;20;10%;;;;;
19.04.2010;121,81;2%;FALSE;-22%;20;10%;;;;;
26.04.2010;118,81;-2%;FALSE;-24%;20;10%;;;;;
03.05.2010;111,26;-6%;FALSE;-29%;20;9%;;;;;
10.05.2010;113,89;2%;FALSE;-27%;20;10%;;;;;
17.05.2010;109,11;-4%;FALSE;-30%;20;9%;;;;;
24.05.2010;109,37;0%;FALSE;-30%;20;9%;;;;;
31.05.2010;106,82;-2%;FALSE;-32%;20;9%;;;;;
07.06.2010;109,68;3%;FALSE;-30%;20;9%;;;;;
14.06.2010;111,73;2%;FALSE;-29%;20;10%;;;;;
21.06.2010;107,87;-3%;FALSE;-31%;20;9%;;;;;
28.06.2010;102,2;-5%;FALSE;-35%;20;9%;;;;;
05.07.2010;107,96;6%;FALSE;-31%;20;9%;;;;;
12.07.2010;106,66;-1%;FALSE;-32%;20;9%;;;;;
19.07.2010;110,41;4%;FALSE;-29%;20;9%;;;;;
26.07.2010;110,27;0%;FALSE;-29%;20;9%;;;;;
02.08.2010;112,39;2%;FALSE;-28%;20;10%;;;;;
09.08.2010;108,31;-4%;FALSE;-31%;20;9%;;;;;
16.08.2010;107,53;-1%;FALSE;-31%;20;9%;;;;;
23.08.2010;106,86;-1%;FALSE;-32%;20;9%;;;;;
30.08.2010;110,89;4%;FALSE;-29%;20;10%;;;;;
06.09.2010;111,48;1%;FALSE;-29%;20;10%;;;;;
13.09.2010;112,49;1%;FALSE;-28%;20;10%;;;;;
20.09.2010;114,82;2%;FALSE;-27%;20;10%;;;;;
27.09.2010;114,61;0%;FALSE;-27%;20;10%;;;;;
04.10.2010;116,54;2%;FALSE;-25%;20;10%;;;;;
11.10.2010;117,7;1%;FALSE;-25%;20;10%;;;;;
18.10.2010;118,35;1%;FALSE;-24%;20;10%;;;;;
25.10.2010;118,49;0%;FALSE;-24%;20;10%;;;;;
01.11.2010;122,72;4%;FALSE;-21%;20;11%;;;;;
08.11.2010;120,2;-2%;FALSE;-23%;20;10%;;;;;
15.11.2010;120,29;0%;FALSE;-23%;20;10%;;;;;
22.11.2010;118,8;-1%;FALSE;-24%;20;10%;;;;;
29.11.2010;122,89;3%;FALSE;-21%;20;11%;;;;;
06.12.2010;124,48;1%;FALSE;-20%;20;11%;;;;;
13.12.2010;124,3;0%;FALSE;-20%;20;11%;;;;;
20.12.2010;125,6;1%;FALSE;-20%;20;11%;;;;;
27.12.2010;125,75;0%;FALSE;-20%;20;11%;;;;;
03.01.2011;127,14;1%;FALSE;-19%;20;11%;;;;;
10.01.2011;129,3;2%;FALSE;-17%;20;11%;;;;;
17.01.2011;128,37;-1%;FALSE;-18%;20;11%;;;;;
24.01.2011;127,72;-1%;FALSE;-18%;20;11%;;;;;
31.01.2011;131,15;3%;FALSE;-16%;20;11%;;;;;
07.02.2011;133,11;1%;FALSE;-15%;20;11%;;;;;
14.02.2011;134,53;1%;FALSE;-14%;20;12%;;;;;
21.02.2011;132,33;-2%;FALSE;-15%;20;11%;;;;;
28.02.2011;132,47;0%;FALSE;-15%;20;11%;;;;;
07.03.2011;130,84;-1%;FALSE;-16%;20;11%;;;;;
14.03.2011;127,76;-2%;FALSE;-18%;20;11%;;;;;
21.03.2011;131,3;3%;FALSE;-16%;20;11%;;;;;
28.03.2011;133,15;1%;FALSE;-15%;20;11%;;;;;
04.04.2011;132,86;0%;FALSE;-15%;20;11%;;;;;
11.04.2011;132,04;-1%;FALSE;-16%;20;11%;;;;;
18.04.2011;133,78;1%;FALSE;-14%;20;12%;;;;;
25.04.2011;136,43;2%;FALSE;-13%;20;12%;;;;;
02.05.2011;134,2;-2%;FALSE;-14%;20;12%;;;;;
09.05.2011;134,04;0%;FALSE;-14%;20;12%;;;;;
16.05.2011;133,61;0%;FALSE;-15%;20;11%;;;;;
23.05.2011;133,51;0%;FALSE;-15%;20;11%;;;;;
30.05.2011;130,42;-2%;FALSE;-17%;20;11%;;;;;
06.06.2011;127,6;-2%;FALSE;-18%;20;11%;;;;;
13.06.2011;127,05;0%;FALSE;-19%;20;11%;;;;;
20.06.2011;126,81;0%;FALSE;-19%;20;11%;;;;;
27.06.2011;133,92;6%;FALSE;-14%;20;12%;;;;;
04.07.2011;134,4;0%;FALSE;-14%;20;12%;;;;;
11.07.2011;131,69;-2%;FALSE;-16%;20;11%;;;;;
18.07.2011;134,58;2%;FALSE;-14%;20;12%;;;;;
25.07.2011;129,33;-4%;FALSE;-17%;20;11%;;;;;
01.08.2011;120,08;-7%;FALSE;-23%;20;10%;;;;;
08.08.2011;118,12;-2%;FALSE;-24%;20;10%;;;;;
15.08.2011;112,64;-5%;FALSE;-28%;20;10%;;;;;
22.08.2011;117,97;5%;FALSE;-25%;20;10%;;;;;
29.08.2011;117,85;0%;FALSE;-25%;20;10%;;;;;
05.09.2011;115,92;-2%;FALSE;-26%;20;10%;;;;;
12.09.2011;121,52;5%;FALSE;-22%;20;10%;;;;;
19.09.2011;113,54;-7%;FALSE;-27%;20;10%;;;;;
26.09.2011;113,15;0%;FALSE;-28%;20;10%;;;;;
03.10.2011;115,71;2%;FALSE;-26%;20;10%;;;;;
10.10.2011;122,57;6%;FALSE;-22%;20;11%;;;;;
17.10.2011;123,97;1%;FALSE;-21%;20;11%;;;;;
24.10.2011;128,6;4%;FALSE;-18%;20;11%;;;;;
31.10.2011;125,48;-2%;FALSE;-20%;20;11%;;;;;
07.11.2011;126,66;1%;FALSE;-19%;20;11%;;;;;
14.11.2011;121,98;-4%;FALSE;-22%;20;10%;;;;;
21.11.2011;116,34;-5%;FALSE;-26%;20;10%;;;;;
28.11.2011;124,86;7%;FALSE;-20%;20;11%;;;;;
05.12.2011;126,05;1%;FALSE;-19%;20;11%;;;;;
12.12.2011;121,59;-4%;FALSE;-22%;20;10%;;;;;
19.12.2011;126,39;4%;FALSE;-19%;20;11%;;;;;
26.12.2011;125,5;-1%;FALSE;-20%;20;11%;;;;;
02.01.2012;127,71;2%;FALSE;-18%;20;11%;;;;;
09.01.2012;128,84;1%;FALSE;-18%;20;11%;;;;;
16.01.2012;131,95;2%;FALSE;-16%;20;11%;;;;;
23.01.2012;131,82;0%;FALSE;-16%;20;11%;;;;;
30.01.2012;134,54;2%;FALSE;-14%;20;12%;;;;;
06.02.2012;134,36;0%;FALSE;-14%;20;11%;;;;;
13.02.2012;136,41;2%;FALSE;-13%;20;12%;;;;;
20.02.2012;136,93;0%;FALSE;-12%;20;12%;;;;;
27.02.2012;137,31;0%;FALSE;-12%;20;12%;;;;;
05.03.2012;137,57;0%;FALSE;-12%;20;12%;;;;;
12.03.2012;140,3;2%;FALSE;-10%;20;12%;;;;;
19.03.2012;139,65;0%;FALSE;-11%;20;12%;;;;;
26.03.2012;140,81;1%;FALSE;-10%;20;12%;;;;;
02.04.2012;139,79;-1%;FALSE;-11%;20;12%;;;;;
09.04.2012;137,14;-2%;FALSE;-12%;20;12%;;;;;
16.04.2012;137,95;1%;FALSE;-12%;20;12%;;;;;
23.04.2012;140,39;2%;FALSE;-10%;20;12%;;;;;
30.04.2012;137;-2%;FALSE;-12%;20;12%;;;;;
07.05.2012;135,61;-1%;FALSE;-13%;20;12%;;;;;
14.05.2012;129,74;-4%;FALSE;-17%;20;11%;;;;;
21.05.2012;132,1;2%;FALSE;-15%;20;11%;;;;;
28.05.2012;128,16;-3%;FALSE;-18%;20;11%;;;;;
04.06.2012;133,1;4%;FALSE;-15%;20;11%;;;;;
11.06.2012;134,14;1%;FALSE;-14%;20;11%;;;;;
18.06.2012;133,46;-1%;FALSE;-15%;20;11%;;;;;
25.06.2012;136,1;2%;FALSE;-13%;20;12%;;;;;
02.07.2012;135,49;0%;FALSE;-13%;20;11%;;;;;
09.07.2012;135,75;0%;FALSE;-13%;20;11%;;;;;
16.07.2012;136,47;1%;FALSE;-13%;20;12%;;;;;
23.07.2012;138,68;2%;FALSE;-11%;20;12%;;;;;
30.07.2012;139,35;0%;FALSE;-11%;20;12%;;;;;
06.08.2012;140,84;1%;FALSE;-10%;20;12%;;;;;
13.08.2012;142,18;1%;FALSE;-9%;20;12%;;;;;
20.08.2012;141,51;0%;FALSE;-9%;20;12%;;;;;
27.08.2012;141,16;0%;FALSE;-10%;20;12%;;;;;
03.09.2012;144,33;2%;FALSE;-8%;20;12%;;;;;
10.09.2012;147,24;2%;FALSE;-6%;20;12%;;;;;
17.09.2012;145,87;-1%;FALSE;-7%;20;12%;;;;;
24.09.2012;143,97;-1%;FALSE;-8%;20;12%;;;;;
01.10.2012;146,14;2%;FALSE;-7%;20;12%;;;;;
08.10.2012;142,89;-2%;FALSE;-9%;20;12%;;;;;
15.10.2012;143,39;0%;FALSE;-8%;20;12%;;;;;
22.10.2012;141,35;-1%;FALSE;-10%;20;12%;;;;;
29.10.2012;141,56;0%;FALSE;-9%;20;12%;;;;;
05.11.2012;138,16;-2%;FALSE;-12%;20;12%;;;;;
12.11.2012;136,37;-1%;FALSE;-13%;20;11%;;;;;
19.11.2012;141,35;4%;FALSE;-10%;20;12%;;;;;
26.11.2012;142,15;1%;FALSE;-9%;20;12%;;;;;
03.12.2012;142,41;0%;FALSE;-9%;20;12%;;;;;
10.12.2012;142,1;0%;FALSE;-9%;20;12%;;;;;
17.12.2012;142,79;0%;FALSE;-9%;20;12%;;;;;
24.12.2012;140,03;-2%;FALSE;-10%;20;12%;;;;;
31.12.2012;146,37;5%;FALSE;-6%;20;12%;;;;;
07.01.2013;147,07;0%;FALSE;-6%;20;12%;;;;;
14.01.2013;148,33;1%;FALSE;-5%;20;12%;;;;;
21.01.2013;150,25;1%;FALSE;-4%;50;12%;;;;;
28.01.2013;151,24;1%;FALSE;-3%;100;12%;;;;;
04.02.2013;151,8;0%;FALSE;-3%;100;13%;;;;;
11.02.2013;152,11;0%;FALSE;-3%;100;13%;;;;;
18.02.2013;151,89;0%;FALSE;-3%;100;13%;;;;;
25.02.2013;152,11;0%;FALSE;-3%;100;13%;;;;;
04.03.2013;155,44;2%;FALSE;-1%;200;13%;;;;;
11.03.2013;155,83;0%;FALSE;0%;250;13%;;;;;
18.03.2013;155,6;0%;FALSE;0%;250;13%;;;;;
25.03.2013;156,67;1%;TRUE;;250;13%;;;;;
01.04.2013;155,16;-1%;FALSE;-1%;200;13%;;;;;
08.04.2013;158,8;2%;TRUE;;250;13%;;;;;
15.04.2013;155,48;-2%;FALSE;-2%;150;13%;;;;;
22.04.2013;158,24;2%;FALSE;0%;250;13%;;;;;
29.04.2013;161,37;2%;TRUE;;250;13%;;;;;
06.05.2013;163,41;1%;TRUE;;250;13%;;;;;
13.05.2013;166,94;2%;TRUE;;250;14%;;;;;
20.05.2013;165,31;-1%;FALSE;-1%;200;13%;;;;;
27.05.2013;163,45;-1%;FALSE;-2%;150;13%;;;;;
03.06.2013;164,8;1%;FALSE;-1%;200;13%;;;;;
10.06.2013;163,18;-1%;FALSE;-2%;150;13%;;;;;
17.06.2013;159,07;-3%;FALSE;-5%;20;13%;;;;;
24.06.2013;160,42;1%;FALSE;-4%;50;13%;;;;;
01.07.2013;163,02;2%;FALSE;-2%;150;13%;;;;;
08.07.2013;167,51;3%;TRUE;;250;14%;;;;;
15.07.2013;169,17;1%;TRUE;;250;14%;;;;;
22.07.2013;169,11;0%;FALSE;0%;250;14%;;;;;
29.07.2013;170,95;1%;TRUE;;250;14%;;;;;
05.08.2013;169,31;-1%;FALSE;-1%;200;14%;;;;;
12.08.2013;165,83;-2%;FALSE;-3%;100;13%;;;;;
19.08.2013;166,62;0%;FALSE;-3%;100;13%;;;;;
26.08.2013;163,65;-2%;FALSE;-4%;50;13%;;;;;
02.09.2013;166,04;1%;FALSE;-3%;100;13%;;;;;
09.09.2013;169,33;2%;FALSE;-1%;200;14%;;;;;
16.09.2013;170,72;1%;FALSE;0%;250;14%;;;;;
23.09.2013;168,91;-1%;FALSE;-1%;200;13%;;;;;
30.09.2013;168,89;0%;FALSE;-1%;200;13%;;;;;
07.10.2013;170,26;1%;FALSE;0%;250;14%;;;;;
14.10.2013;174,39;2%;TRUE;;250;14%;;;;;
21.10.2013;175,95;1%;TRUE;;250;14%;;;;;
28.10.2013;176,21;0%;TRUE;;250;14%;;;;;
04.11.2013;177,29;1%;TRUE;;250;14%;;;;;
11.11.2013;180,05;2%;TRUE;;250;14%;;;;;
18.11.2013;180,81;0%;TRUE;;250;14%;;;;;
25.11.2013;181;0%;TRUE;;250;14%;;;;;
02.12.2013;180,94;0%;FALSE;0%;250;14%;;;;;
09.12.2013;178,11;-2%;FALSE;-2%;150;14%;;;;;
16.12.2013;181,56;2%;TRUE;;250;14%;;;;;
23.12.2013;183,85;1%;TRUE;;250;14%;;;;;
30.12.2013;182,89;-1%;FALSE;-1%;200;14%;;;;;
06.01.2014;184,14;1%;TRUE;;250;14%;;;;;
13.01.2014;183,64;0%;FALSE;0%;250;14%;;;;;
20.01.2014;178,89;-3%;FALSE;-3%;100;14%;;;;;
27.01.2014;178,18;0%;FALSE;-3%;100;14%;;;;;
03.02.2014;179,68;1%;FALSE;-2%;150;14%;;;;;
10.02.2014;184,02;2%;FALSE;0%;250;14%;;;;;
17.02.2014;183,89;0%;FALSE;0%;250;14%;;;;;
24.02.2014;186,29;1%;TRUE;;250;15%;;;;;
03.03.2014;188,26;1%;TRUE;;250;15%;;;;;
10.03.2014;184,66;-2%;FALSE;-2%;150;14%;;;;;
17.03.2014;186,2;1%;FALSE;-1%;200;14%;;;;;
24.03.2014;185,49;0%;FALSE;-1%;200;14%;;;;;
31.03.2014;186,4;0%;FALSE;-1%;200;14%;;;;;
07.04.2014;181,51;-3%;FALSE;-4%;50;14%;;;;;
14.04.2014;186,39;3%;FALSE;-1%;200;14%;;;;;
21.04.2014;186,29;0%;FALSE;-1%;200;14%;;;;;
28.04.2014;188,06;1%;FALSE;0%;250;15%;;;;;
05.05.2014;187,96;0%;FALSE;0%;250;14%;;;;;
12.05.2014;188,05;0%;FALSE;0%;250;14%;;;;;
19.05.2014;190,35;1%;TRUE;;250;15%;;;;;
26.05.2014;192,68;1%;TRUE;;250;15%;;;;;
02.06.2014;195,38;1%;TRUE;;250;15%;;;;;
09.06.2014;194,13;-1%;FALSE;-1%;200;15%;;;;;
16.06.2014;195,94;1%;TRUE;;250;15%;;;;;
23.06.2014;195,82;0%;FALSE;0%;250;15%;;;;;
30.06.2014;198,2;1%;TRUE;;250;15%;;;;;
07.07.2014;196,61;-1%;FALSE;-1%;200;15%;;;;;
14.07.2014;197,71;1%;FALSE;0%;250;15%;;;;;
21.07.2014;197,72;0%;FALSE;0%;250;15%;;;;;
28.07.2014;192,5;-3%;FALSE;-3%;100;15%;;;;;
04.08.2014;193,24;0%;FALSE;-3%;100;15%;;;;;
11.08.2014;195,72;1%;FALSE;-1%;200;15%;;;;;
18.08.2014;199,19;2%;TRUE;;250;15%;;;;;
25.08.2014;200,71;1%;TRUE;;250;15%;;;;;
01.09.2014;201,11;0%;TRUE;;250;15%;;;;;
08.09.2014;199,13;-1%;FALSE;-1%;200;15%;;;;;
15.09.2014;200,7;1%;FALSE;0%;250;15%;;;;;
22.09.2014;197,9;-1%;FALSE;-2%;150;15%;;;;;
29.09.2014;196,52;-1%;FALSE;-2%;150;15%;;;;;
06.10.2014;190,54;-3%;FALSE;-5%;20;14%;;;;;
13.10.2014;188,47;-1%;FALSE;-6%;20;14%;;;;;
20.10.2014;196,43;4%;FALSE;-2%;150;15%;;;;;
27.10.2014;201,66;3%;TRUE;;250;15%;;;;;
03.11.2014;203,34;1%;TRUE;;250;15%;;;;;
10.11.2014;204,24;0%;TRUE;;250;15%;;;;;
17.11.2014;206,68;1%;TRUE;;250;15%;;;;;
24.11.2014;207,2;0%;TRUE;;250;15%;;;;;
01.12.2014;208;0%;TRUE;;250;15%;;;;;
08.12.2014;200,89;-3%;FALSE;-3%;100;15%;;;;;
15.12.2014;206,52;3%;FALSE;-1%;200;15%;;;;;
22.12.2014;208,44;1%;TRUE;;250;15%;;;;;
29.12.2014;205,43;-1%;FALSE;-1%;200;15%;;;;;
05.01.2015;204,25;-1%;FALSE;-2%;150;15%;;;;;
12.01.2015;201,63;-1%;FALSE;-3%;100;15%;;;;;
19.01.2015;204,97;2%;FALSE;-2%;150;15%;;;;;
26.01.2015;199,45;-3%;FALSE;-4%;50;15%;;;;;
02.02.2015;205,55;3%;FALSE;-1%;200;15%;;;;;
09.02.2015;209,78;2%;TRUE;;250;15%;;;;;
16.02.2015;211,24;1%;TRUE;;250;15%;;;;;
23.02.2015;210,66;0%;FALSE;0%;250;15%;;;;;
02.03.2015;207,5;-2%;FALSE;-2%;150;15%;;;;;
09.03.2015;205,83;-1%;FALSE;-3%;100;15%;;;;;
16.03.2015;210,41;2%;FALSE;0%;250;15%;;;;;
23.03.2015;205,74;-2%;FALSE;-3%;100;15%;;;;;
30.03.2015;206,44;0%;FALSE;-2%;150;15%;;;;;
06.04.2015;210,04;2%;FALSE;-1%;200;15%;;;;;
13.04.2015;207,95;-1%;FALSE;-2%;150;15%;;;;;
20.04.2015;211,65;2%;TRUE;;250;15%;;;;;
27.04.2015;210,72;0%;FALSE;0%;250;15%;;;;;
04.05.2015;211,62;0%;FALSE;0%;250;15%;;;;;
11.05.2015;212,44;0%;TRUE;;250;15%;;;;;
18.05.2015;212,99;0%;TRUE;;250;15%;;;;;
25.05.2015;211,14;-1%;FALSE;-1%;200;15%;;;;;
01.06.2015;209,77;-1%;FALSE;-2%;150;15%;;;;;
08.06.2015;210,01;0%;FALSE;-1%;200;15%;;;;;
15.06.2015;210,81;0%;FALSE;-1%;200;15%;;;;;
22.06.2015;209,82;0%;FALSE;-1%;200;15%;;;;;
29.06.2015;207,31;-1%;FALSE;-3%;100;15%;;;;;
06.07.2015;207,48;0%;FALSE;-3%;100;15%;;;;;
13.07.2015;212,48;2%;FALSE;0%;250;15%;;;;;
20.07.2015;208;-2%;FALSE;-2%;150;15%;;;;;
27.07.2015;210,5;1%;FALSE;-1%;200;15%;;;;;
03.08.2015;207,95;-1%;FALSE;-2%;150;15%;;;;;
10.08.2015;209,42;1%;FALSE;-2%;150;15%;;;;;
17.08.2015;197,83;-6%;FALSE;-7%;20;14%;;;;;
24.08.2015;199,28;1%;FALSE;-6%;20;14%;;;;;
31.08.2015;192,59;-3%;FALSE;-10%;20;14%;;;;;
07.09.2015;196,74;2%;FALSE;-8%;20;14%;;;;;
14.09.2015;195,45;-1%;FALSE;-8%;20;14%;;;;;
21.09.2015;192,85;-1%;FALSE;-9%;20;14%;;;;;
28.09.2015;195;1%;FALSE;-8%;20;14%;;;;;
05.10.2015;201,33;3%;FALSE;-5%;20;14%;;;;;
12.10.2015;203,27;1%;FALSE;-5%;20;14%;;;;;
19.10.2015;207,51;2%;FALSE;-3%;100;15%;;;;;
26.10.2015;207,93;0%;FALSE;-2%;150;15%;;;;;
02.11.2015;210,04;1%;FALSE;-1%;200;15%;;;;;
09.11.2015;202,54;-4%;FALSE;-5%;20;14%;;;;;
16.11.2015;209,31;3%;FALSE;-2%;150;15%;;;;;
23.11.2015;209,56;0%;FALSE;-2%;150;15%;;;;;
30.11.2015;209,62;0%;FALSE;-2%;150;15%;;;;;
07.12.2015;201,88;-4%;FALSE;-5%;20;14%;;;;;
14.12.2015;200,02;-1%;FALSE;-6%;20;14%;;;;;
21.12.2015;205,68;3%;FALSE;-3%;100;14%;;;;;
28.12.2015;203,87;-1%;FALSE;-4%;50;14%;;;;;
04.01.2016;191,92;-6%;FALSE;-10%;20;13%;;;;;
11.01.2016;187,81;-2%;FALSE;-12%;20;13%;;;;;
18.01.2016;190,52;1%;FALSE;-11%;20;13%;;;;;
25.01.2016;193,72;2%;FALSE;-9%;20;13%;;;;;
01.02.2016;187,95;-3%;FALSE;-12%;20;13%;;;;;
08.02.2016;186,63;-1%;FALSE;-12%;20;13%;;;;;
15.02.2016;192;3%;FALSE;-10%;20;13%;;;;;
22.02.2016;195,09;2%;FALSE;-8%;20;13%;;;;;
29.02.2016;200,43;3%;FALSE;-6%;20;14%;;;;;
07.03.2016;202,76;1%;FALSE;-5%;20;14%;;;;;
14.03.2016;204,38;1%;FALSE;-4%;50;14%;;;;;
21.03.2016;203,12;-1%;FALSE;-5%;20;14%;;;;;
28.03.2016;206,92;2%;FALSE;-3%;100;14%;;;;;
04.04.2016;204,5;-1%;FALSE;-4%;50;14%;;;;;
11.04.2016;207,78;2%;FALSE;-2%;150;14%;;;;;
18.04.2016;208,97;1%;FALSE;-2%;150;14%;;;;;
25.04.2016;206,33;-1%;FALSE;-3%;100;14%;;;;;
02.05.2016;205,72;0%;FALSE;-3%;100;14%;;;;;
09.05.2016;204,76;0%;FALSE;-4%;50;14%;;;;;
16.05.2016;205,49;0%;FALSE;-4%;50;14%;;;;;
23.05.2016;210,24;2%;FALSE;-1%;200;14%;;;;;
30.05.2016;210,28;0%;FALSE;-1%;200;14%;;;;;
06.06.2016;210,07;0%;FALSE;-1%;200;14%;;;;;
13.06.2016;206,52;-2%;FALSE;-3%;100;14%;;;;;
20.06.2016;203,24;-2%;FALSE;-5%;20;14%;;;;;
27.06.2016;209,92;3%;FALSE;-1%;200;14%;;;;;
04.07.2016;212,65;1%;FALSE;0%;250;14%;;;;;
11.07.2016;215,83;1%;TRUE;;250;15%;;;;;
18.07.2016;217,24;1%;TRUE;;250;15%;;;;;
25.07.2016;217,12;0%;FALSE;0%;250;15%;;;;;
01.08.2016;218,18;0%;TRUE;;250;15%;;;;;
08.08.2016;218,46;0%;TRUE;;250;15%;;;;;
15.08.2016;218,54;0%;TRUE;;250;15%;;;;;
22.08.2016;217,29;-1%;FALSE;-1%;200;15%;;;;;
29.08.2016;218,37;0%;FALSE;0%;250;15%;;;;;
05.09.2016;213,28;-2%;FALSE;-2%;150;14%;;;;;
12.09.2016;213,37;0%;FALSE;-2%;150;14%;;;;;
19.09.2016;215,99;1%;FALSE;-1%;200;14%;;;;;
26.09.2016;216,3;0%;FALSE;-1%;200;14%;;;;;
03.10.2016;215,04;-1%;FALSE;-2%;150;14%;;;;;
10.10.2016;213,12;-1%;FALSE;-2%;150;14%;;;;;
17.10.2016;213,98;0%;FALSE;-2%;150;14%;;;;;
24.10.2016;212,54;-1%;FALSE;-3%;100;14%;;;;;
31.10.2016;208,55;-2%;FALSE;-5%;20;14%;;;;;
07.11.2016;216,42;4%;FALSE;-1%;200;14%;;;;;
14.11.2016;218,5;1%;FALSE;0%;250;15%;;;;;
21.11.2016;221,52;1%;TRUE;;250;15%;;;;;
28.11.2016;219,68;-1%;FALSE;-1%;200;15%;;;;;
05.12.2016;226,51;3%;TRUE;;250;15%;;;;;
12.12.2016;225,04;-1%;FALSE;-1%;200;15%;;;;;
19.12.2016;225,71;0%;FALSE;0%;250;15%;;;;;
26.12.2016;223,53;-1%;FALSE;-1%;200;15%;;;;;
02.01.2017;227,21;2%;TRUE;;250;15%;;;;;
09.01.2017;227,05;0%;FALSE;0%;250;15%;;;;;
16.01.2017;226,74;0%;FALSE;0%;250;15%;;;;;
23.01.2017;228,97;1%;TRUE;;250;15%;;;;;
30.01.2017;229,34;0%;TRUE;;250;15%;;;;;
06.02.2017;231,51;1%;TRUE;;250;15%;;;;;
13.02.2017;235,09;2%;TRUE;;250;15%;;;;;
20.02.2017;236,74;1%;TRUE;;250;15%;;;;;
27.02.2017;238,42;1%;TRUE;;250;16%;;;;;
06.03.2017;237,69;0%;FALSE;0%;250;16%;;;;;
13.03.2017;237,03;0%;FALSE;-1%;200;15%;;;;;
20.03.2017;233,86;-1%;FALSE;-2%;150;15%;;;;;
27.03.2017;235,74;1%;FALSE;-1%;200;15%;;;;;
03.04.2017;235,2;0%;FALSE;-1%;200;15%;;;;;
10.04.2017;232,51;-1%;FALSE;-2%;150;15%;;;;;
17.04.2017;234,59;1%;FALSE;-2%;150;15%;;;;;
24.04.2017;238,08;1%;FALSE;0%;250;15%;;;;;
01.05.2017;239,7;1%;TRUE;;250;15%;;;;;
08.05.2017;238,98;0%;FALSE;0%;250;15%;;;;;
15.05.2017;238,31;0%;FALSE;-1%;200;15%;;;;;
22.05.2017;241,71;1%;TRUE;;250;16%;;;;;
29.05.2017;244,17;1%;TRUE;;250;16%;;;;;
05.06.2017;243,41;0%;FALSE;0%;250;16%;;;;;
12.06.2017;242,64;0%;FALSE;-1%;200;16%;;;;;
19.06.2017;243,13;0%;FALSE;0%;250;16%;;;;;
26.06.2017;241,8;-1%;FALSE;-1%;200;15%;;;;;
03.07.2017;242,11;0%;FALSE;-1%;200;15%;;;;;
10.07.2017;245,56;1%;TRUE;;250;16%;;;;;
17.07.2017;246,88;1%;TRUE;;250;16%;;;;;
24.07.2017;246,91;0%;TRUE;;250;16%;;;;;
31.07.2017;247,41;0%;TRUE;;250;16%;;;;;
07.08.2017;244,12;-1%;FALSE;-1%;200;16%;;;;;
14.08.2017;242,71;-1%;FALSE;-2%;150;15%;;;;;
21.08.2017;244,56;1%;FALSE;-1%;200;16%;;;;;
28.08.2017;247,84;1%;TRUE;;250;16%;;;;;
04.09.2017;246,58;-1%;FALSE;-1%;200;16%;;;;;
11.09.2017;249,19;1%;TRUE;;250;16%;;;;;
18.09.2017;249,44;0%;TRUE;;250;16%;;;;;
25.09.2017;251,23;1%;TRUE;;250;16%;;;;;
02.10.2017;254,37;1%;TRUE;;250;16%;;;;;
09.10.2017;254,95;0%;TRUE;;250;16%;;;;;
16.10.2017;257,11;1%;TRUE;;250;16%;;;;;
23.10.2017;257,71;0%;TRUE;;250;16%;;;;;
30.10.2017;258,45;0%;TRUE;;250;16%;;;;;
06.11.2017;258,09;0%;FALSE;0%;250;16%;;;;;
13.11.2017;257,86;0%;FALSE;0%;250;16%;;;;;
20.11.2017;260,36;1%;TRUE;;250;16%;;;;;
27.11.2017;264,46;2%;TRUE;;250;16%;;;;;
04.12.2017;265,51;0%;TRUE;;250;17%;;;;;
11.12.2017;266,51;0%;TRUE;;250;17%;;;;;
18.12.2017;267,51;0%;TRUE;;250;17%;;;;;
25.12.2017;266,86;0%;FALSE;0%;250;17%;;;;;
01.01.2018;273,42;2%;TRUE;;250;17%;;;;;
08.01.2018;277,92;2%;TRUE;;250;17%;;;;;
15.01.2018;280,41;1%;TRUE;;250;17%;;;;;
22.01.2018;286,58;2%;TRUE;;250;18%;;;;;
29.01.2018;275,45;-4%;FALSE;-4%;50;17%;;;;;
05.02.2018;261,5;-5%;FALSE;-9%;20;16%;;;;;
12.02.2018;273,11;4%;FALSE;-5%;20;17%;;;;;
19.02.2018;274,71;1%;FALSE;-4%;50;17%;;;;;
26.02.2018;269,08;-2%;FALSE;-6%;20;16%;;;;;
05.03.2018;278,87;4%;FALSE;-3%;100;17%;;;;;
12.03.2018;274,2;-2%;FALSE;-4%;50;17%;;;;;
19.03.2018;258,05;-6%;FALSE;-10%;20;16%;;;;;
26.03.2018;263,15;2%;FALSE;-8%;20;16%;;;;;
02.04.2018;259,72;-1%;FALSE;-9%;20;16%;;;;;
09.04.2018;265,15;2%;FALSE;-7%;20;16%;;;;;
16.04.2018;266,61;1%;FALSE;-7%;20;16%;;;;;
23.04.2018;266,56;0%;FALSE;-7%;20;16%;;;;;
30.04.2018;266,02;0%;FALSE;-7%;20;16%;;;;;
07.05.2018;272,85;3%;FALSE;-5%;20;16%;;;;;
14.05.2018;271,33;-1%;FALSE;-5%;20;16%;;;;;
21.05.2018;272,15;0%;FALSE;-5%;20;16%;;;;;
28.05.2018;273,6;1%;FALSE;-5%;20;16%;;;;;
04.06.2018;278,19;2%;FALSE;-3%;100;17%;;;;;
11.06.2018;277,13;0%;FALSE;-3%;100;17%;;;;;
18.06.2018;274,74;-1%;FALSE;-4%;50;16%;;;;;
25.06.2018;271,28;-1%;FALSE;-5%;20;16%;;;;;
02.07.2018;275,42;2%;FALSE;-4%;50;16%;;;;;
09.07.2018;279,59;2%;FALSE;-2%;150;17%;;;;;
16.07.2018;279,68;0%;FALSE;-2%;150;17%;;;;;
23.07.2018;281,42;1%;FALSE;-2%;150;17%;;;;;
30.07.2018;283,6;1%;FALSE;-1%;200;17%;;;;;
06.08.2018;283,16;0%;FALSE;-1%;200;17%;;;;;
13.08.2018;285,06;1%;FALSE;-1%;200;17%;;;;;
20.08.2018;287,51;1%;TRUE;;250;17%;;;;;
27.08.2018;290,31;1%;TRUE;;250;17%;;;;;
03.09.2018;287,6;-1%;FALSE;-1%;200;17%;;;;;
10.09.2018;290,88;1%;TRUE;;250;17%;;;;;
17.09.2018;291,99;0%;TRUE;;250;17%;;;;;
24.09.2018;290,72;0%;FALSE;0%;250;17%;;;;;
01.10.2018;287,82;-1%;FALSE;-1%;200;17%;;;;;
08.10.2018;275,95;-4%;FALSE;-5%;20;16%;;;;;
15.10.2018;276,25;0%;FALSE;-5%;20;16%;;;;;
22.10.2018;265,33;-4%;FALSE;-9%;20;15%;;;;;
29.10.2018;271,89;2%;FALSE;-7%;20;16%;;;;;
05.11.2018;277,76;2%;FALSE;-5%;20;16%;;;;;
12.11.2018;273,73;-1%;FALSE;-6%;20;16%;;;;;
19.11.2018;263,25;-4%;FALSE;-10%;20;15%;;;;;
26.11.2018;275,65;5%;FALSE;-6%;20;16%;;;;;
03.12.2018;263,57;-4%;FALSE;-10%;20;15%;;;;;
10.12.2018;260,47;-1%;FALSE;-11%;20;15%;;;;;
17.12.2018;240,7;-8%;FALSE;-18%;20;14%;;;;;
24.12.2018;247,75;3%;FALSE;-15%;20;14%;;;;;
31.12.2018;252,39;2%;FALSE;-14%;20;14%;;;;;
07.01.2019;258,98;3%;FALSE;-11%;20;15%;;;;;
14.01.2019;266,46;3%;FALSE;-9%;20;15%;;;;;
21.01.2019;265,78;0%;FALSE;-9%;20;15%;;;;;
28.01.2019;270,06;2%;FALSE;-8%;20;15%;;;;;
04.02.2019;270,47;0%;FALSE;-7%;20;15%;;;;;
11.02.2019;277,37;3%;FALSE;-5%;20;16%;;;;;
18.02.2019;279,14;1%;FALSE;-4%;50;16%;;;;;
25.02.2019;280,42;0%;FALSE;-4%;50;16%;;;;;
04.03.2019;274,46;-2%;FALSE;-6%;20;15%;;;;;
11.03.2019;281,31;2%;FALSE;-4%;50;16%;;;;;
18.03.2019;279,25;-1%;FALSE;-4%;50;15%;;;;;
25.03.2019;282,48;1%;FALSE;-3%;100;16%;;;;;
01.04.2019;288,57;2%;FALSE;-1%;200;16%;;;;;
08.04.2019;290,16;1%;FALSE;-1%;200;16%;;;;;
15.04.2019;290,02;0%;FALSE;-1%;200;16%;;;;;
22.04.2019;293,41;1%;TRUE;;250;16%;;;;;
29.04.2019;294,03;0%;TRUE;;250;16%;;;;;
06.05.2019;288,1;-2%;FALSE;-2%;150;16%;;;;;
13.05.2019;285,84;-1%;FALSE;-3%;100;16%;;;;;
20.05.2019;282,78;-1%;FALSE;-4%;50;15%;;;;;
27.05.2019;275,27;-3%;FALSE;-6%;20;15%;;;;;
03.06.2019;287,65;4%;FALSE;-2%;150;16%;;;;;
10.06.2019;289,26;1%;FALSE;-2%;150;16%;;;;;
17.06.2019;294;2%;FALSE;0%;250;16%;;;;;
24.06.2019;293;0%;FALSE;0%;250;16%;;;;;
01.07.2019;298,46;2%;TRUE;;250;16%;;;;;
08.07.2019;300,65;1%;TRUE;;250;16%;;;;;
15.07.2019;297,17;-1%;FALSE;-1%;200;16%;;;;;
22.07.2019;302,01;2%;TRUE;;250;16%;;;;;
29.07.2019;292,62;-3%;FALSE;-3%;100;16%;;;;;
05.08.2019;291,62;0%;FALSE;-3%;100;15%;;;;;
12.08.2019;288,85;-1%;FALSE;-4%;50;15%;;;;;
19.08.2019;284,85;-1%;FALSE;-6%;20;15%;;;;;
26.08.2019;292,45;3%;FALSE;-3%;100;15%;;;;;
02.09.2019;298,05;2%;FALSE;-1%;200;16%;;;;;
09.09.2019;301,09;1%;FALSE;0%;250;16%;;;;;
16.09.2019;298,28;-1%;FALSE;-1%;200;16%;;;;;
23.09.2019;295,87;-1%;FALSE;-2%;150;15%;;;;;
24.09.2019;295,92;0%;FALSE;-2%;150;15%;;;;;
;;;;;60460;;;;;;
;;;;;107,3889876;;;;;;
